task_id,asset_id,block_id,section_id,corridor_id,corridor_name,date,window_start,window_end,task_type,department,crew_type,priority,required_duration_min,duration,overdue_days,safety_critical,is_joint_possession,coordination_status,bundled_with,downtime_saved_min,freight_density,power_isolation_required,restrictions,planning_status,approval_status,approved_by,solver,why_selected,synergy_explanation
TASK001,ASSET001,BLK_NDLS-GZB_1003_25,NDLS-GZB,NDLS-GZB,NDLS-GZB,2026-10-03,2026-10-03 23:00,2026-10-03 03:00,Rail fracture inspection,ENGINEERING,Track Relaying Train (TRT),P1,240,240,3,True,False,INDEPENDENT,None (Single Task),0,High,No,Max 1 block per night,OPTIMAL,PENDING_APPROVAL,Chief Controller,Google OR-Tools CP-SAT,"Priority P1 (95 pts), overdue 3d. Allocated to window 23:00-03:00 on 2026-10-03.",Independent corridor block.
TASK002,ASSET002,BLK_NDLS-GZB_1004_26,NDLS-GZB,NDLS-GZB,NDLS-GZB,2026-10-04,2026-10-04 23:00,2026-10-04 03:00,Signal relay replacement,SMT,S&T Relay Gang,P2,240,240,0,False,False,INDEPENDENT,None (Single Task),0,High,Yes,"No block during peak hours 06:00-10:00,17:00-21:00",OPTIMAL,PENDING_APPROVAL,Chief Controller,Google OR-Tools CP-SAT,"Priority P2 (82 pts), overdue 0d. Allocated to window 23:00-03:00 on 2026-10-04.",Independent corridor block.
TASK003,ASSET003,BLK_GZB-CNB_1004_150,GZB-CNB,GZB-CNB,GZB-CNB,2026-10-04,2026-10-04 23:00,2026-10-04 03:00,OHE insulator replacement,TRD,Tower Wagon Gang,P2,240,240,0,False,False,INDEPENDENT,None (Single Task),0,High,Yes,"No block during peak hours 06:00-10:00,17:00-21:00",OPTIMAL,PENDING_APPROVAL,Chief Controller,Google OR-Tools CP-SAT,"Priority P2 (88 pts), overdue 0d. Allocated to window 23:00-03:00 on 2026-10-04.",Independent corridor block.
TASK004,ASSET004,BLK_GZB-CNB_0913_129,GZB-CNB,GZB-CNB,GZB-CNB,2026-09-13,2026-09-13 23:00,2026-09-13 03:00,Track geometry correction,ENGINEERING,Track Relaying Train (TRT),P3,240,240,0,False,False,INDEPENDENT,None (Single Task),0,High,Yes,Max 1 block per night,OPTIMAL,PENDING_APPROVAL,Chief Controller,Google OR-Tools CP-SAT,"Priority P3 (64 pts), overdue 0d. Allocated to window 23:00-03:00 on 2026-09-13.",Independent corridor block.
TASK005,ASSET005,BLK_ALD-MGS_1005_213,ALD-MGS,ALD-MGS,ALD-MGS,2026-10-05,2026-10-05 23:00,2026-10-05 02:00,Point machine servicing,SMT,S&T Relay Gang,P2,180,180,5,False,False,INDEPENDENT,None (Single Task),0,High,Yes,Single line working only,OPTIMAL,PENDING_APPROVAL,Chief Controller,Google OR-Tools CP-SAT,"Priority P2 (86 pts), overdue 5d. Allocated to window 23:00-02:00 on 2026-10-05.",Independent corridor block.
TASK006,ASSET006,BLK_ALD-MGS_1003_211,ALD-MGS,ALD-MGS,ALD-MGS,2026-10-03,2026-10-03 23:00,2026-10-03 03:00,Battery bank inspection,TRD,Tower Wagon Gang,P3,120,120,0,False,False,INDEPENDENT,BR006235_TASK27153 (TRD),0,High,Yes,Max 1 block per night,OPTIMAL,PENDING_APPROVAL,Chief Controller,Google OR-Tools CP-SAT,"Priority P3 (58 pts), overdue 0d. Allocated to window 23:00-03:00 on 2026-10-03.",Independent corridor block.
BR006235_TASK27153,AST_ALD-_7153,BLK_ALD-MGS_1003_211,ALD-MGS,ALD-MGS,ALD-MGS,2026-10-03,2026-10-03 23:00,2026-10-03 03:00,Power Block,TRD,OHE Wiring Depot,P1,108,108,0,True,False,INDEPENDENT,TASK006 (TRD),0,High,Yes,Max 1 block per night,OPTIMAL,PENDING_APPROVAL,Chief Controller,Google OR-Tools CP-SAT,"Priority P1 (85 pts), overdue 0d. Allocated to window 23:00-03:00 on 2026-10-03.",Independent corridor block.
TASK007,ASSET007,BLK_MGS-HWH_1003_242,MGS-HWH,MGS-HWH,MGS-HWH,2026-10-03,2026-10-03 23:00,2026-10-03 03:00,Bridge expansion-joint inspection,ENGINEERING,Track Relaying Train (TRT),P1,240,240,0,True,False,INDEPENDENT,None (Single Task),0,High,No,"No block during peak hours 06:00-10:00,17:00-21:00",OPTIMAL,PENDING_APPROVAL,Chief Controller,Google OR-Tools CP-SAT,"Priority P1 (91 pts), overdue 0d. Allocated to window 23:00-03:00 on 2026-10-03.",Independent corridor block.
TASK008,ASSET008,BLK_MGS-HWH_1001_240,MGS-HWH,MGS-HWH,MGS-HWH,2026-10-01,2026-10-01 23:00,2026-10-01 02:00,Optical-fibre cable testing,SMT,S&T Relay Gang,P3,180,180,0,False,False,INDEPENDENT,None (Single Task),0,High,No,Single line working only,OPTIMAL,PENDING_APPROVAL,Chief Controller,Google OR-Tools CP-SAT,"Priority P3 (42 pts), overdue 0d. Allocated to window 23:00-02:00 on 2026-10-01.",Independent corridor block.
TASK009,ASSET009,BLK_ALD-MGS_0927_205,ALD-MGS,ALD-MGS,ALD-MGS,2026-09-27,2026-09-27 23:00,2026-09-27 03:00,Level-crossing track repair,ENGINEERING,Track Relaying Train (TRT),P2,240,240,4,False,False,INDEPENDENT,None (Single Task),0,High,No,Block suspended - VIP movement,OPTIMAL,PENDING_APPROVAL,Chief Controller,Google OR-Tools CP-SAT,"Priority P2 (93 pts), overdue 4d. Allocated to window 23:00-03:00 on 2026-09-27.",Independent corridor block.
TASK010,ASSET010,BLK_ALD-MGS_0926_204,ALD-MGS,ALD-MGS,ALD-MGS,2026-09-26,2026-09-26 23:00,2026-09-26 03:00,Automatic block signal testing,SMT,S&T Relay Gang,P1,240,240,0,True,False,INDEPENDENT,None (Single Task),0,High,No,"No block during peak hours 06:00-10:00,17:00-21:00",OPTIMAL,PENDING_APPROVAL,Chief Controller,Google OR-Tools CP-SAT,"Priority P1 (96 pts), overdue 0d. Allocated to window 23:00-03:00 on 2026-09-26.",Independent corridor block.
TASK011,ASSET011,BLK_MGS-HWH_0920_229,MGS-HWH,MGS-HWH,MGS-HWH,2026-09-20,2026-09-20 23:00,2026-09-20 03:00,Traction transformer maintenance,TRD,Tower Wagon Gang,P2,240,240,0,False,False,INDEPENDENT,None (Single Task),0,High,Yes,"No block during peak hours 06:00-10:00,17:00-21:00",OPTIMAL,PENDING_APPROVAL,Chief Controller,Google OR-Tools CP-SAT,"Priority P2 (79 pts), overdue 0d. Allocated to window 23:00-03:00 on 2026-09-20.",Independent corridor block.
TASK013,ASSET013,BLK_HWH-NJP_0915_813,HWH-NJP,HWH-NJP,HWH-NJP,2026-09-15,2026-09-15 23:00,2026-09-15 04:00,Interlocking equipment inspection,SMT,S&T Relay Gang,P1,240,240,6,True,False,INDEPENDENT,None (Single Task),0,Low,No,No restriction,OPTIMAL,PENDING_APPROVAL,Chief Controller,Google OR-Tools CP-SAT,"Priority P1 (94 pts), overdue 6d. Allocated to window 23:00-04:00 on 2026-09-15.",Independent corridor block.
TASK014,ASSET014,BLK_HWH-NJP_0913_811,HWH-NJP,HWH-NJP,HWH-NJP,2026-09-13,2026-09-13 23:00,2026-09-13 05:00,Radio communication maintenance,SMT,S&T Relay Gang,P3,240,240,0,False,False,INDEPENDENT,None (Single Task),0,Low,No,No restriction,OPTIMAL,PENDING_APPROVAL,Chief Controller,Google OR-Tools CP-SAT,"Priority P3 (55 pts), overdue 0d. Allocated to window 23:00-05:00 on 2026-09-13.",Independent corridor block.
TASK015,ASSET015,BLK_HWH-NJP_0930_828,HWH-NJP,HWH-NJP,HWH-NJP,2026-09-30,2026-09-30 23:00,2026-09-30 04:00,Culvert cleaning and inspection,ENGINEERING,Track Relaying Train (TRT),P3,240,240,0,False,False,INDEPENDENT,None (Single Task),0,Low,No,Single line working only,OPTIMAL,PENDING_APPROVAL,Chief Controller,Google OR-Tools CP-SAT,"Priority P3 (35 pts), overdue 0d. Allocated to window 23:00-04:00 on 2026-09-30.",Independent corridor block.
TASK016,ASSET016,BLK_HWH-NJP_1004_832,HWH-NJP,HWH-NJP,HWH-NJP,2026-10-04,2026-10-04 23:00,2026-10-04 05:00,Switch heater inspection,TRD,Tower Wagon Gang,P3,180,180,0,False,False,INDEPENDENT,None (Single Task),0,Low,No,"No block during peak hours 06:00-10:00,17:00-21:00",OPTIMAL,PENDING_APPROVAL,Chief Controller,Google OR-Tools CP-SAT,"Priority P3 (57 pts), overdue 0d. Allocated to window 23:00-05:00 on 2026-10-04.",Independent corridor block.
TASK017,ASSET017,BLK_HWH-NJP_0919_817,HWH-NJP,HWH-NJP,HWH-NJP,2026-09-19,2026-09-19 23:00,2026-09-19 05:00,Sleeper replacement,ENGINEERING,Track Relaying Train (TRT),P2,240,240,0,False,False,INDEPENDENT,None (Single Task),0,Low,No,Single line working only,OPTIMAL,PENDING_APPROVAL,Chief Controller,Google OR-Tools CP-SAT,"Priority P2 (75 pts), overdue 0d. Allocated to window 23:00-05:00 on 2026-09-19.",Independent corridor block.
TASK018,ASSET018,BLK_HWH-NJP_0910_808,HWH-NJP,HWH-NJP,HWH-NJP,2026-09-10,2026-09-10 23:00,2026-09-10 04:00,Track circuit troubleshooting,SMT,S&T Relay Gang,P1,240,240,2,True,False,INDEPENDENT,None (Single Task),0,Low,Yes,Single line working only,OPTIMAL,PENDING_APPROVAL,Chief Controller,Google OR-Tools CP-SAT,"Priority P1 (97 pts), overdue 2d. Allocated to window 23:00-04:00 on 2026-09-10.",Independent corridor block.
TASK019,ASSET019,BLK_NJP-GHY_0920_849,NJP-GHY,NJP-GHY,NJP-GHY,2026-09-20,2026-09-20 23:00,2026-09-20 05:00,OHE contact-wire inspection,TRD,Tower Wagon Gang,P2,240,240,0,False,False,INDEPENDENT,None (Single Task),0,Low,No,No restriction,OPTIMAL,PENDING_APPROVAL,Chief Controller,Google OR-Tools CP-SAT,"Priority P2 (84 pts), overdue 0d. Allocated to window 23:00-05:00 on 2026-09-20.",Independent corridor block.
TASK020,ASSET020,BLK_NJP-GHY_1005_864,NJP-GHY,NJP-GHY,NJP-GHY,2026-10-05,2026-10-05 23:00,2026-10-05 04:00,Ballast renewal,ENGINEERING,Track Relaying Train (TRT),P3,240,240,0,False,False,INDEPENDENT,None (Single Task),0,Low,Yes,No restriction,OPTIMAL,PENDING_APPROVAL,Chief Controller,Google OR-Tools CP-SAT,"Priority P3 (60 pts), overdue 0d. Allocated to window 23:00-04:00 on 2026-10-05.",Independent corridor block.
BR006162_TASK69247,AST_HWH-_9247,BLK_HWH-KGP_0924_264,HWH-KGP,HWH-KGP,HWH-KGP,2026-09-24,2026-09-24 23:00,2026-09-24 02:00,Non-Interlocking Block,ENGINEERING,Mechanized Tamping Crew,P1,176,176,0,True,False,INDEPENDENT,None (Single Task),0,High,No,Reduced window due to festival traffic,OPTIMAL,PENDING_APPROVAL,Chief Controller,Google OR-Tools CP-SAT,"Priority P1 (85 pts), overdue 0d. Allocated to window 23:00-02:00 on 2026-09-24.",Independent corridor block.
BR006164_TASK43645,AST_VSKP_3645,BLK_VSKP-BZA_1002_334,VSKP-BZA,VSKP-BZA,VSKP-BZA,2026-10-02,2026-10-02 23:00,2026-10-02 03:00,Signal Maintenance Block,SMT,Signal Testing Gang,P2,151,151,0,False,True,JOINT_POSSESSION,BR006340_TASK10628 (ENGINEERING),87,Medium,No,Single line working only,OPTIMAL,PENDING_APPROVAL,Chief Controller,Google OR-Tools CP-SAT,"Priority P2 (70 pts), overdue 0d. Allocated to window 23:00-03:00 on 2026-10-02.",Bundled with BR006340_TASK10628 (ENGINEERING); saves 87 min line closure.
BR006340_TASK10628,AST_VSKP_0628,BLK_VSKP-BZA_1002_334,VSKP-BZA,VSKP-BZA,VSKP-BZA,2026-10-02,2026-10-02 23:00,2026-10-02 03:00,Bridge Inspection Block,ENGINEERING,Mechanized Tamping Crew,P2,87,87,0,False,True,JOINT_POSSESSION,BR006164_TASK43645 (SMT),87,Medium,No,Single line working only,OPTIMAL,PENDING_APPROVAL,Chief Controller,Google OR-Tools CP-SAT,"Priority P2 (70 pts), overdue 0d. Allocated to window 23:00-03:00 on 2026-10-02.",Bundled with BR006164_TASK43645 (SMT); saves 87 min line closure.
BR006165_TASK17922,AST_NDLS_7922,BLK_NDLS-JHS_1004_119,NDLS-JHS,NDLS-JHS,NDLS-JHS,2026-10-04,2026-10-04 23:00,2026-10-04 04:00,Cable Block,SMT,Signal Testing Gang,P2,124,124,0,False,True,JOINT_POSSESSION,BR006310_TASK46175 (ENGINEERING),106,Medium,Yes,No restriction,OPTIMAL,PENDING_APPROVAL,Chief Controller,Google OR-Tools CP-SAT,"Priority P2 (70 pts), overdue 0d. Allocated to window 23:00-04:00 on 2026-10-04.",Bundled with BR006310_TASK46175 (ENGINEERING); saves 106 min line closure.
BR006310_TASK46175,AST_NDLS_6175,BLK_NDLS-JHS_1004_119,NDLS-JHS,NDLS-JHS,NDLS-JHS,2026-10-04,2026-10-04 23:00,2026-10-04 04:00,Bridge Inspection Block,ENGINEERING,Mechanized Tamping Crew,P2,106,106,0,False,True,JOINT_POSSESSION,BR006165_TASK17922 (SMT),106,Medium,Yes,No restriction,OPTIMAL,PENDING_APPROVAL,Chief Controller,Google OR-Tools CP-SAT,"Priority P2 (70 pts), overdue 0d. Allocated to window 23:00-04:00 on 2026-10-04.",Bundled with BR006165_TASK17922 (SMT); saves 106 min line closure.
BR006166_TASK74300,AST_HWH-_4300,BLK_HWH-KGP_0919_259,HWH-KGP,HWH-KGP,HWH-KGP,2026-09-19,2026-09-19 23:00,2026-09-19 03:00,Signal Maintenance Block,SMT,Signal Testing Gang,P2,214,214,0,False,False,INDEPENDENT,None (Single Task),0,High,No,Max 1 block per night,OPTIMAL,PENDING_APPROVAL,Chief Controller,Google OR-Tools CP-SAT,"Priority P2 (70 pts), overdue 0d. Allocated to window 23:00-03:00 on 2026-09-19.",Independent corridor block.
BR006167_TASK38786,AST_PUNE_8786,BLK_PUNE-CSMT_1003_521,PUNE-CSMT,PUNE-CSMT,PUNE-CSMT,2026-10-03,2026-10-03 23:00,2026-10-03 04:00,Track Renewal Block,ENGINEERING,Mechanized Tamping Crew,P1,240,240,0,True,False,INDEPENDENT,None (Single Task),0,Medium,Yes,Max 1 block per night,OPTIMAL,PENDING_APPROVAL,Chief Controller,Google OR-Tools CP-SAT,"Priority P1 (85 pts), overdue 0d. Allocated to window 23:00-04:00 on 2026-10-03.",Independent corridor block.
BR006169_TASK31373,AST_HWH-_1373,BLK_HWH-KGP_0929_269,HWH-KGP,HWH-KGP,HWH-KGP,2026-09-29,2026-09-29 23:00,2026-09-29 02:00,Track Renewal Block,ENGINEERING,Mechanized Tamping Crew,P1,151,151,0,True,False,INDEPENDENT,None (Single Task),0,High,No,"No block during peak hours 06:00-10:00,17:00-21:00",OPTIMAL,PENDING_APPROVAL,Chief Controller,Google OR-Tools CP-SAT,"Priority P1 (85 pts), overdue 0d. Allocated to window 23:00-02:00 on 2026-09-29.",Independent corridor block.
BR006170_TASK99658,AST_BRC-_9658,BLK_BRC-ST_0927_670,BRC-ST,BRC-ST,BRC-ST,2026-09-27,2026-09-27 23:00,2026-09-27 03:00,OHE Maintenance Block,TRD,OHE Wiring Depot,P2,40,40,0,False,False,INDEPENDENT,BR006417_TASK81467 (TRD),0,High,Yes,Max 1 block per night,OPTIMAL,PENDING_APPROVAL,Chief Controller,Google OR-Tools CP-SAT,"Priority P2 (70 pts), overdue 0d. Allocated to window 23:00-03:00 on 2026-09-27.",Independent corridor block.
BR006417_TASK81467,AST_BRC-_1467,BLK_BRC-ST_0927_670,BRC-ST,BRC-ST,BRC-ST,2026-09-27,2026-09-27 23:00,2026-09-27 03:00,Power Block,TRD,OHE Wiring Depot,P1,185,185,0,True,False,INDEPENDENT,BR006170_TASK99658 (TRD),0,High,Yes,Max 1 block per night,OPTIMAL,PENDING_APPROVAL,Chief Controller,Google OR-Tools CP-SAT,"Priority P1 (85 pts), overdue 0d. Allocated to window 23:00-03:00 on 2026-09-27.",Independent corridor block.
BR006171_TASK39015,AST_NDLS_9015,BLK_NDLS-JHS_0919_104,NDLS-JHS,NDLS-JHS,NDLS-JHS,2026-09-19,2026-09-19 23:00,2026-09-19 04:00,OHE Maintenance Block,TRD,OHE Wiring Depot,P2,77,77,0,False,True,JOINT_POSSESSION,BR006330_TASK39285 (ENGINEERING),77,Medium,No,"No block during peak hours 06:00-10:00,17:00-21:00",OPTIMAL,PENDING_APPROVAL,Chief Controller,Google OR-Tools CP-SAT,"Priority P2 (70 pts), overdue 0d. Allocated to window 23:00-04:00 on 2026-09-19.",Bundled with BR006330_TASK39285 (ENGINEERING); saves 77 min line closure.
BR006330_TASK39285,AST_NDLS_9285,BLK_NDLS-JHS_0919_104,NDLS-JHS,NDLS-JHS,NDLS-JHS,2026-09-19,2026-09-19 23:00,2026-09-19 04:00,Non-Interlocking Block,ENGINEERING,Mechanized Tamping Crew,P1,180,180,0,True,True,JOINT_POSSESSION,BR006171_TASK39015 (TRD),77,Medium,No,"No block during peak hours 06:00-10:00,17:00-21:00",OPTIMAL,PENDING_APPROVAL,Chief Controller,Google OR-Tools CP-SAT,"Priority P1 (85 pts), overdue 0d. Allocated to window 23:00-04:00 on 2026-09-19.",Bundled with BR006171_TASK39015 (TRD); saves 77 min line closure.
BR006172_TASK50156,AST_BSR-_0156,BLK_BSR-BPL_1003_583,BSR-BPL,BSR-BPL,BSR-BPL,2026-10-03,2026-10-03 23:00,2026-10-03 03:00,Interlocking Testing Block,SMT,Signal Testing Gang,P1,63,63,0,True,True,JOINT_POSSESSION,BR006222_TASK85058 (TRD),63,High,Yes,Single line working only,OPTIMAL,PENDING_APPROVAL,Chief Controller,Google OR-Tools CP-SAT,"Priority P1 (85 pts), overdue 0d. Allocated to window 23:00-03:00 on 2026-10-03.",Bundled with BR006222_TASK85058 (TRD); saves 63 min line closure.
BR006222_TASK85058,AST_BSR-_5058,BLK_BSR-BPL_1003_583,BSR-BPL,BSR-BPL,BSR-BPL,2026-10-03,2026-10-03 23:00,2026-10-03 03:00,OHE Maintenance Block,TRD,OHE Wiring Depot,P2,118,118,0,False,True,JOINT_POSSESSION,BR006172_TASK50156 (SMT),63,High,Yes,Single line working only,OPTIMAL,PENDING_APPROVAL,Chief Controller,Google OR-Tools CP-SAT,"Priority P2 (70 pts), overdue 0d. Allocated to window 23:00-03:00 on 2026-10-03.",Bundled with BR006172_TASK50156 (SMT); saves 63 min line closure.
BR006173_TASK70850,AST_NDLS_0850,BLK_NDLS-UMB_1007_60,NDLS-UMB,NDLS-UMB,NDLS-UMB,2026-10-07,2026-10-07 23:00,2026-10-07 03:00,Track Renewal Block,ENGINEERING,Mechanized Tamping Crew,P1,111,111,0,True,False,INDEPENDENT,None (Single Task),0,Medium,No,Max 1 block per night,OPTIMAL,PENDING_APPROVAL,Chief Controller,Google OR-Tools CP-SAT,"Priority P1 (85 pts), overdue 0d. Allocated to window 23:00-03:00 on 2026-10-07.",Independent corridor block.
BR006175_TASK17208,AST_ADI-_7208,BLK_ADI-BRC_1008_650,ADI-BRC,ADI-BRC,ADI-BRC,2026-10-08,2026-10-08 23:00,2026-10-08 02:00,Track Renewal Block,ENGINEERING,Mechanized Tamping Crew,P1,40,40,0,True,False,INDEPENDENT,BR006234_TASK86459 (ENGINEERING),0,High,No,No restriction,OPTIMAL,PENDING_APPROVAL,Chief Controller,Google OR-Tools CP-SAT,"Priority P1 (85 pts), overdue 0d. Allocated to window 23:00-02:00 on 2026-10-08.",Independent corridor block.
BR006234_TASK86459,AST_ADI-_6459,BLK_ADI-BRC_1008_650,ADI-BRC,ADI-BRC,ADI-BRC,2026-10-08,2026-10-08 23:00,2026-10-08 02:00,Non-Interlocking Block,ENGINEERING,Mechanized Tamping Crew,P1,137,137,0,True,False,INDEPENDENT,BR006175_TASK17208 (ENGINEERING),0,High,No,No restriction,OPTIMAL,PENDING_APPROVAL,Chief Controller,Google OR-Tools CP-SAT,"Priority P1 (85 pts), overdue 0d. Allocated to window 23:00-02:00 on 2026-10-08.",Independent corridor block.
BR006176_TASK38914,AST_BSP-_8914,BLK_BSP-R_0914_998,BSP-R,BSP-R,BSP-R,2026-09-14,2026-09-14 23:00,2026-09-14 04:00,Traffic Block,ENGINEERING,Mechanized Tamping Crew,P2,240,240,0,False,False,INDEPENDENT,None (Single Task),0,Low,No,Max 1 block per night,OPTIMAL,PENDING_APPROVAL,Chief Controller,Google OR-Tools CP-SAT,"Priority P2 (70 pts), overdue 0d. Allocated to window 23:00-04:00 on 2026-09-14.",Independent corridor block.
BR006177_TASK94571,AST_JTJ-_4571,BLK_JTJ-SBC_1004_429,JTJ-SBC,JTJ-SBC,JTJ-SBC,2026-10-04,2026-10-04 23:00,2026-10-04 04:00,Non-Interlocking Block,ENGINEERING,Mechanized Tamping Crew,P1,196,196,0,True,True,JOINT_POSSESSION,BR006344_TASK96716 (SMT),73,Medium,Yes,No restriction,OPTIMAL,PENDING_APPROVAL,Chief Controller,Google OR-Tools CP-SAT,"Priority P1 (85 pts), overdue 0d. Allocated to window 23:00-04:00 on 2026-10-04.",Bundled with BR006344_TASK96716 (SMT); saves 73 min line closure.
BR006344_TASK96716,AST_JTJ-_6716,BLK_JTJ-SBC_1004_429,JTJ-SBC,JTJ-SBC,JTJ-SBC,2026-10-04,2026-10-04 23:00,2026-10-04 04:00,Signal Maintenance Block,SMT,Signal Testing Gang,P2,73,73,0,False,True,JOINT_POSSESSION,BR006177_TASK94571 (ENGINEERING),73,Medium,Yes,No restriction,OPTIMAL,PENDING_APPROVAL,Chief Controller,Google OR-Tools CP-SAT,"Priority P2 (70 pts), overdue 0d. Allocated to window 23:00-04:00 on 2026-10-04.",Bundled with BR006177_TASK94571 (ENGINEERING); saves 73 min line closure.
BR006178_TASK42908,AST_BZA-_2908,BLK_BZA-MAS_1004_367,BZA-MAS,BZA-MAS,BZA-MAS,2026-10-04,2026-10-04 23:00,2026-10-04 03:00,Cable Block,SMT,Signal Testing Gang,P2,159,159,0,False,False,INDEPENDENT,None (Single Task),0,High,Yes,"No block during peak hours 06:00-10:00,17:00-21:00",OPTIMAL,PENDING_APPROVAL,Chief Controller,Google OR-Tools CP-SAT,"Priority P2 (70 pts), overdue 0d. Allocated to window 23:00-03:00 on 2026-10-04.",Independent corridor block.
BR006179_TASK16938,AST_GZB-_6938,BLK_GZB-CNB_0919_135,GZB-CNB,GZB-CNB,GZB-CNB,2026-09-19,2026-09-19 23:00,2026-09-19 03:00,Traction Feed Block,TRD,OHE Wiring Depot,P2,214,214,0,False,False,INDEPENDENT,None (Single Task),0,High,No,Max 1 block per night,OPTIMAL,PENDING_APPROVAL,Chief Controller,Google OR-Tools CP-SAT,"Priority P2 (70 pts), overdue 0d. Allocated to window 23:00-03:00 on 2026-09-19.",Independent corridor block.
BR006181_TASK97846,AST_BZA-_7846,BLK_BZA-MAS_0927_360,BZA-MAS,BZA-MAS,BZA-MAS,2026-09-27,2026-09-27 23:00,2026-09-27 03:00,OHE Maintenance Block,TRD,OHE Wiring Depot,P2,240,240,0,False,False,INDEPENDENT,None (Single Task),0,High,No,Reduced window due to festival traffic,OPTIMAL,PENDING_APPROVAL,Chief Controller,Google OR-Tools CP-SAT,"Priority P2 (70 pts), overdue 0d. Allocated to window 23:00-03:00 on 2026-09-27.",Independent corridor block.
BR006182_TASK47344,AST_ADI-_7344,BLK_ADI-BRC_1004_646,ADI-BRC,ADI-BRC,ADI-BRC,2026-10-04,2026-10-04 23:00,2026-10-04 03:00,Track Renewal Block,ENGINEERING,Mechanized Tamping Crew,P1,106,106,0,True,False,INDEPENDENT,BR006304_TASK76908 (ENGINEERING),0,High,No,Single line working only,OPTIMAL,PENDING_APPROVAL,Chief Controller,Google OR-Tools CP-SAT,"Priority P1 (85 pts), overdue 0d. Allocated to window 23:00-03:00 on 2026-10-04.",Independent corridor block.
BR006304_TASK76908,AST_ADI-_6908,BLK_ADI-BRC_1004_646,ADI-BRC,ADI-BRC,ADI-BRC,2026-10-04,2026-10-04 23:00,2026-10-04 03:00,Non-Interlocking Block,ENGINEERING,Mechanized Tamping Crew,P1,133,133,0,True,False,INDEPENDENT,BR006182_TASK47344 (ENGINEERING),0,High,No,Single line working only,OPTIMAL,PENDING_APPROVAL,Chief Controller,Google OR-Tools CP-SAT,"Priority P1 (85 pts), overdue 0d. Allocated to window 23:00-03:00 on 2026-10-04.",Independent corridor block.
BR006183_TASK61158,AST_MGS-_1158,BLK_MGS-HWH_0912_221,MGS-HWH,MGS-HWH,MGS-HWH,2026-09-12,2026-09-12 23:00,2026-09-12 03:00,Traffic Block,ENGINEERING,Mechanized Tamping Crew,P2,240,240,0,False,False,INDEPENDENT,None (Single Task),0,High,Yes,Max 1 block per night,OPTIMAL,PENDING_APPROVAL,Chief Controller,Google OR-Tools CP-SAT,"Priority P2 (70 pts), overdue 0d. Allocated to window 23:00-03:00 on 2026-09-12.",Independent corridor block.
BR006184_TASK88895,AST_VSKP_8895,BLK_VSKP-BZA_0920_322,VSKP-BZA,VSKP-BZA,VSKP-BZA,2026-09-20,2026-09-20 23:00,2026-09-20 04:00,OHE Maintenance Block,TRD,OHE Wiring Depot,P2,155,155,0,False,True,JOINT_POSSESSION,BR006281_TASK53986 (ENGINEERING),50,Medium,No,Reduced window due to festival traffic,OPTIMAL,PENDING_APPROVAL,Chief Controller,Google OR-Tools CP-SAT,"Priority P2 (70 pts), overdue 0d. Allocated to window 23:00-04:00 on 2026-09-20.",Bundled with BR006281_TASK53986 (ENGINEERING); saves 50 min line closure.
BR006281_TASK53986,AST_VSKP_3986,BLK_VSKP-BZA_0920_322,VSKP-BZA,VSKP-BZA,VSKP-BZA,2026-09-20,2026-09-20 23:00,2026-09-20 04:00,Traffic Block,ENGINEERING,Mechanized Tamping Crew,P2,50,50,0,False,True,JOINT_POSSESSION,BR006184_TASK88895 (TRD),50,Medium,No,Reduced window due to festival traffic,OPTIMAL,PENDING_APPROVAL,Chief Controller,Google OR-Tools CP-SAT,"Priority P2 (70 pts), overdue 0d. Allocated to window 23:00-04:00 on 2026-09-20.",Bundled with BR006184_TASK88895 (TRD); saves 50 min line closure.
BR006185_TASK14909,AST_NDLS_4909,BLK_NDLS-GZB_1008_30,NDLS-GZB,NDLS-GZB,NDLS-GZB,2026-10-08,2026-10-08 23:00,2026-10-08 02:00,OHE Maintenance Block,TRD,OHE Wiring Depot,P2,58,58,0,False,False,INDEPENDENT,BR006391_TASK93044 (TRD),0,High,Yes,Max 1 block per night,OPTIMAL,PENDING_APPROVAL,Chief Controller,Google OR-Tools CP-SAT,"Priority P2 (70 pts), overdue 0d. Allocated to window 23:00-02:00 on 2026-10-08.",Independent corridor block.
BR006391_TASK93044,AST_NDLS_3044,BLK_NDLS-GZB_1008_30,NDLS-GZB,NDLS-GZB,NDLS-GZB,2026-10-08,2026-10-08 23:00,2026-10-08 02:00,OHE Maintenance Block,TRD,OHE Wiring Depot,P2,71,71,0,False,False,INDEPENDENT,BR006185_TASK14909 (TRD),0,High,Yes,Max 1 block per night,OPTIMAL,PENDING_APPROVAL,Chief Controller,Google OR-Tools CP-SAT,"Priority P2 (70 pts), overdue 0d. Allocated to window 23:00-02:00 on 2026-10-08.",Independent corridor block.
BR006186_TASK25694,AST_CSMT_5694,BLK_CSMT-BSR_0925_544,CSMT-BSR,CSMT-BSR,CSMT-BSR,2026-09-25,2026-09-25 23:00,2026-09-25 02:00,Cable Block,SMT,Signal Testing Gang,P2,57,57,0,False,True,JOINT_POSSESSION,BR006264_TASK59923 (ENGINEERING),57,High,No,Single line working only,OPTIMAL,PENDING_APPROVAL,Chief Controller,Google OR-Tools CP-SAT,"Priority P2 (70 pts), overdue 0d. Allocated to window 23:00-02:00 on 2026-09-25.",Bundled with BR006264_TASK59923 (ENGINEERING); saves 57 min line closure.
BR006264_TASK59923,AST_CSMT_9923,BLK_CSMT-BSR_0925_544,CSMT-BSR,CSMT-BSR,CSMT-BSR,2026-09-25,2026-09-25 23:00,2026-09-25 02:00,Track Renewal Block,ENGINEERING,Mechanized Tamping Crew,P1,119,119,0,True,True,JOINT_POSSESSION,BR006186_TASK25694 (SMT),57,High,No,Single line working only,OPTIMAL,PENDING_APPROVAL,Chief Controller,Google OR-Tools CP-SAT,"Priority P1 (85 pts), overdue 0d. Allocated to window 23:00-02:00 on 2026-09-25.",Bundled with BR006186_TASK25694 (SMT); saves 57 min line closure.
BR006188_TASK24309,AST_BZA-_4309,BLK_BZA-MAS_0912_345,BZA-MAS,BZA-MAS,BZA-MAS,2026-09-12,2026-09-12 23:00,2026-09-12 03:00,Track Renewal Block,ENGINEERING,Mechanized Tamping Crew,P1,58,58,0,True,False,INDEPENDENT,BR006342_TASK63355 (ENGINEERING),0,High,No,Single line working only,OPTIMAL,PENDING_APPROVAL,Chief Controller,Google OR-Tools CP-SAT,"Priority P1 (85 pts), overdue 0d. Allocated to window 23:00-03:00 on 2026-09-12.",Independent corridor block.
BR006342_TASK63355,AST_BZA-_3355,BLK_BZA-MAS_0912_345,BZA-MAS,BZA-MAS,BZA-MAS,2026-09-12,2026-09-12 23:00,2026-09-12 03:00,Bridge Inspection Block,ENGINEERING,Mechanized Tamping Crew,P2,177,177,0,False,False,INDEPENDENT,BR006188_TASK24309 (ENGINEERING),0,High,No,Single line working only,OPTIMAL,PENDING_APPROVAL,Chief Controller,Google OR-Tools CP-SAT,"Priority P2 (70 pts), overdue 0d. Allocated to window 23:00-03:00 on 2026-09-12.",Independent corridor block.
BR006190_TASK56007,AST_HWH-_6007,BLK_HWH-NJP_0909_807,HWH-NJP,HWH-NJP,HWH-NJP,2026-09-09,2026-09-09 23:00,2026-09-09 04:00,Traffic Block,ENGINEERING,Mechanized Tamping Crew,P2,190,190,0,False,False,INDEPENDENT,None (Single Task),0,Low,No,No restriction,OPTIMAL,PENDING_APPROVAL,Chief Controller,Google OR-Tools CP-SAT,"Priority P2 (70 pts), overdue 0d. Allocated to window 23:00-04:00 on 2026-09-09.",Independent corridor block.
BR006191_TASK23566,AST_MGS-_3566,BLK_MGS-HWH_0926_235,MGS-HWH,MGS-HWH,MGS-HWH,2026-09-26,2026-09-26 23:00,2026-09-26 03:00,Track Renewal Block,ENGINEERING,Mechanized Tamping Crew,P1,220,220,0,True,False,INDEPENDENT,None (Single Task),0,High,Yes,Single line working only,OPTIMAL,PENDING_APPROVAL,Chief Controller,Google OR-Tools CP-SAT,"Priority P1 (85 pts), overdue 0d. Allocated to window 23:00-03:00 on 2026-09-26.",Independent corridor block.
BR006192_TASK99578,AST_CSMT_9578,BLK_CSMT-BSR_0927_546,CSMT-BSR,CSMT-BSR,CSMT-BSR,2026-09-27,2026-09-27 23:00,2026-09-27 03:00,Track Renewal Block,ENGINEERING,Mechanized Tamping Crew,P1,144,144,0,True,True,JOINT_POSSESSION,BR006206_TASK61762 (TRD),49,High,Yes,"No block during peak hours 06:00-10:00,17:00-21:00",OPTIMAL,PENDING_APPROVAL,Chief Controller,Google OR-Tools CP-SAT,"Priority P1 (85 pts), overdue 0d. Allocated to window 23:00-03:00 on 2026-09-27.",Bundled with BR006206_TASK61762 (TRD); saves 49 min line closure.
BR006206_TASK61762,AST_CSMT_1762,BLK_CSMT-BSR_0927_546,CSMT-BSR,CSMT-BSR,CSMT-BSR,2026-09-27,2026-09-27 23:00,2026-09-27 03:00,OHE Maintenance Block,TRD,OHE Wiring Depot,P2,49,49,0,False,True,JOINT_POSSESSION,BR006192_TASK99578 (ENGINEERING),49,High,Yes,"No block during peak hours 06:00-10:00,17:00-21:00",OPTIMAL,PENDING_APPROVAL,Chief Controller,Google OR-Tools CP-SAT,"Priority P2 (70 pts), overdue 0d. Allocated to window 23:00-03:00 on 2026-09-27.",Bundled with BR006192_TASK99578 (ENGINEERING); saves 49 min line closure.
BR006193_TASK90725,AST_BSP-_0725,BLK_BSP-R_0908_992,BSP-R,BSP-R,BSP-R,2026-09-08,2026-09-08 23:00,2026-09-08 04:00,Interlocking Testing Block,SMT,Signal Testing Gang,P1,235,235,0,True,False,INDEPENDENT,None (Single Task),0,Low,No,"No block during peak hours 06:00-10:00,17:00-21:00",OPTIMAL,PENDING_APPROVAL,Chief Controller,Google OR-Tools CP-SAT,"Priority P1 (85 pts), overdue 0d. Allocated to window 23:00-04:00 on 2026-09-08.",Independent corridor block.
BR006196_TASK23089,AST_MAS-_3089,BLK_MAS-JTJ_1004_398,MAS-JTJ,MAS-JTJ,MAS-JTJ,2026-10-04,2026-10-04 23:00,2026-10-04 04:00,Signal Maintenance Block,SMT,Signal Testing Gang,P2,68,68,0,False,True,JOINT_POSSESSION,BR006351_TASK37612 (TRD),68,Medium,Yes,"No block during peak hours 06:00-10:00,17:00-21:00",OPTIMAL,PENDING_APPROVAL,Chief Controller,Google OR-Tools CP-SAT,"Priority P2 (70 pts), overdue 0d. Allocated to window 23:00-04:00 on 2026-10-04.",Bundled with BR006351_TASK37612 (TRD); saves 68 min line closure.
BR006351_TASK37612,AST_MAS-_7612,BLK_MAS-JTJ_1004_398,MAS-JTJ,MAS-JTJ,MAS-JTJ,2026-10-04,2026-10-04 23:00,2026-10-04 04:00,OHE Maintenance Block,TRD,OHE Wiring Depot,P2,190,190,0,False,True,JOINT_POSSESSION,BR006196_TASK23089 (SMT),68,Medium,Yes,"No block during peak hours 06:00-10:00,17:00-21:00",OPTIMAL,PENDING_APPROVAL,Chief Controller,Google OR-Tools CP-SAT,"Priority P2 (70 pts), overdue 0d. Allocated to window 23:00-04:00 on 2026-10-04.",Bundled with BR006196_TASK23089 (SMT); saves 68 min line closure.
BR006199_TASK44134,AST_KGP-_4134,BLK_KGP-VSKP_0908_279,KGP-VSKP,KGP-VSKP,KGP-VSKP,2026-09-08,2026-09-08 23:00,2026-09-08 03:00,OHE Maintenance Block,TRD,OHE Wiring Depot,P2,127,127,0,False,False,INDEPENDENT,BR006320_TASK59504 (TRD),0,Medium,No,Max 1 block per night,OPTIMAL,PENDING_APPROVAL,Chief Controller,Google OR-Tools CP-SAT,"Priority P2 (70 pts), overdue 0d. Allocated to window 23:00-03:00 on 2026-09-08.",Independent corridor block.
BR006320_TASK59504,AST_KGP-_9504,BLK_KGP-VSKP_0908_279,KGP-VSKP,KGP-VSKP,KGP-VSKP,2026-09-08,2026-09-08 23:00,2026-09-08 03:00,OHE Maintenance Block,TRD,OHE Wiring Depot,P2,68,68,0,False,False,INDEPENDENT,BR006199_TASK44134 (TRD),0,Medium,No,Max 1 block per night,OPTIMAL,PENDING_APPROVAL,Chief Controller,Google OR-Tools CP-SAT,"Priority P2 (70 pts), overdue 0d. Allocated to window 23:00-03:00 on 2026-09-08.",Independent corridor block.
BR006200_TASK92180,AST_BSP-_2180,BLK_BSP-R_0925_1009,BSP-R,BSP-R,BSP-R,2026-09-25,2026-09-25 23:00,2026-09-25 04:00,Traffic Block,ENGINEERING,Mechanized Tamping Crew,P2,166,166,0,False,True,JOINT_POSSESSION,BR006287_TASK87872 (TRD),119,Low,No,Single line working only,OPTIMAL,PENDING_APPROVAL,Chief Controller,Google OR-Tools CP-SAT,"Priority P2 (70 pts), overdue 0d. Allocated to window 23:00-04:00 on 2026-09-25.",Bundled with BR006287_TASK87872 (TRD); saves 119 min line closure.
BR006287_TASK87872,AST_BSP-_7872,BLK_BSP-R_0925_1009,BSP-R,BSP-R,BSP-R,2026-09-25,2026-09-25 23:00,2026-09-25 04:00,Traction Feed Block,TRD,OHE Wiring Depot,P2,119,119,0,False,True,JOINT_POSSESSION,BR006200_TASK92180 (ENGINEERING),119,Low,No,Single line working only,OPTIMAL,PENDING_APPROVAL,Chief Controller,Google OR-Tools CP-SAT,"Priority P2 (70 pts), overdue 0d. Allocated to window 23:00-04:00 on 2026-09-25.",Bundled with BR006200_TASK92180 (ENGINEERING); saves 119 min line closure.
BR006203_TASK87434,AST_BZA-_7434,BLK_BZA-SC_0913_904,BZA-SC,BZA-SC,BZA-SC,2026-09-13,2026-09-13 23:00,2026-09-13 04:00,Non-Interlocking Block,ENGINEERING,Mechanized Tamping Crew,P1,236,236,0,True,False,INDEPENDENT,None (Single Task),0,Medium,Yes,"No block during peak hours 06:00-10:00,17:00-21:00",OPTIMAL,PENDING_APPROVAL,Chief Controller,Google OR-Tools CP-SAT,"Priority P1 (85 pts), overdue 0d. Allocated to window 23:00-04:00 on 2026-09-13.",Independent corridor block.
BR006204_TASK78369,AST_MGS-_8369,BLK_MGS-HWH_0913_222,MGS-HWH,MGS-HWH,MGS-HWH,2026-09-13,2026-09-13 23:00,2026-09-13 03:00,Traffic Block,ENGINEERING,Mechanized Tamping Crew,P2,240,240,0,False,False,INDEPENDENT,None (Single Task),0,High,Yes,Max 1 block per night,OPTIMAL,PENDING_APPROVAL,Chief Controller,Google OR-Tools CP-SAT,"Priority P2 (70 pts), overdue 0d. Allocated to window 23:00-03:00 on 2026-09-13.",Independent corridor block.
BR006205_TASK39632,AST_BRC-_9632,BLK_BRC-ST_1007_680,BRC-ST,BRC-ST,BRC-ST,2026-10-07,2026-10-07 23:00,2026-10-07 02:00,Signal Maintenance Block,SMT,Signal Testing Gang,P2,102,102,0,False,False,INDEPENDENT,None (Single Task),0,High,Yes,Max 1 block per night,OPTIMAL,PENDING_APPROVAL,Chief Controller,Google OR-Tools CP-SAT,"Priority P2 (70 pts), overdue 0d. Allocated to window 23:00-02:00 on 2026-10-07.",Independent corridor block.
BR006208_TASK10100,AST_BRC-_0100,BLK_BRC-ST_0913_656,BRC-ST,BRC-ST,BRC-ST,2026-09-13,2026-09-13 23:00,2026-09-13 03:00,Track Renewal Block,ENGINEERING,Mechanized Tamping Crew,P1,200,200,0,True,False,INDEPENDENT,None (Single Task),0,High,Yes,"No block during peak hours 06:00-10:00,17:00-21:00",OPTIMAL,PENDING_APPROVAL,Chief Controller,Google OR-Tools CP-SAT,"Priority P1 (85 pts), overdue 0d. Allocated to window 23:00-03:00 on 2026-09-13.",Independent corridor block.
BR006210_TASK35285,AST_SC-N_5285,BLK_SC-NGP_0912_934,SC-NGP,SC-NGP,SC-NGP,2026-09-12,2026-09-12 23:00,2026-09-12 04:00,Traffic Block,ENGINEERING,Mechanized Tamping Crew,P2,169,169,0,False,True,JOINT_POSSESSION,BR006354_TASK99082 (SMT),125,Medium,No,Single line working only,OPTIMAL,PENDING_APPROVAL,Chief Controller,Google OR-Tools CP-SAT,"Priority P2 (70 pts), overdue 0d. Allocated to window 23:00-04:00 on 2026-09-12.",Bundled with BR006354_TASK99082 (SMT); saves 125 min line closure.
BR006354_TASK99082,AST_SC-N_9082,BLK_SC-NGP_0912_934,SC-NGP,SC-NGP,SC-NGP,2026-09-12,2026-09-12 23:00,2026-09-12 04:00,Cable Block,SMT,Signal Testing Gang,P2,125,125,0,False,True,JOINT_POSSESSION,BR006210_TASK35285 (ENGINEERING),125,Medium,No,Single line working only,OPTIMAL,PENDING_APPROVAL,Chief Controller,Google OR-Tools CP-SAT,"Priority P2 (70 pts), overdue 0d. Allocated to window 23:00-04:00 on 2026-09-12.",Bundled with BR006210_TASK35285 (ENGINEERING); saves 125 min line closure.
BR006211_TASK81141,AST_GZB-_1141,BLK_GZB-CNB_1003_149,GZB-CNB,GZB-CNB,GZB-CNB,2026-10-03,2026-10-03 23:00,2026-10-03 03:00,Cable Block,SMT,Signal Testing Gang,P2,240,240,0,False,False,INDEPENDENT,None (Single Task),0,High,No,No restriction,OPTIMAL,PENDING_APPROVAL,Chief Controller,Google OR-Tools CP-SAT,"Priority P2 (70 pts), overdue 0d. Allocated to window 23:00-03:00 on 2026-10-03.",Independent corridor block.
BR006212_TASK69753,AST_CNB-_9753,BLK_CNB-ALD_0912_159,CNB-ALD,CNB-ALD,CNB-ALD,2026-09-12,2026-09-12 23:00,2026-09-12 03:00,Bridge Inspection Block,ENGINEERING,Mechanized Tamping Crew,P2,233,233,0,False,False,INDEPENDENT,None (Single Task),0,High,No,"No block during peak hours 06:00-10:00,17:00-21:00",OPTIMAL,PENDING_APPROVAL,Chief Controller,Google OR-Tools CP-SAT,"Priority P2 (70 pts), overdue 0d. Allocated to window 23:00-03:00 on 2026-09-12.",Independent corridor block.
BR006213_TASK42761,AST_UBL-_2761,BLK_UBL-PUNE_1008_495,UBL-PUNE,UBL-PUNE,UBL-PUNE,2026-10-08,2026-10-08 23:00,2026-10-08 03:00,Traffic Block,ENGINEERING,Mechanized Tamping Crew,P2,240,240,0,False,False,INDEPENDENT,None (Single Task),0,Medium,Yes,Single line working only,OPTIMAL,PENDING_APPROVAL,Chief Controller,Google OR-Tools CP-SAT,"Priority P2 (70 pts), overdue 0d. Allocated to window 23:00-03:00 on 2026-10-08.",Independent corridor block.
BR006214_TASK71347,AST_MGS-_1347,BLK_MGS-HWH_0919_228,MGS-HWH,MGS-HWH,MGS-HWH,2026-09-19,2026-09-19 23:00,2026-09-19 03:00,Traffic Block,ENGINEERING,Mechanized Tamping Crew,P2,240,240,0,False,False,INDEPENDENT,None (Single Task),0,High,Yes,Reduced window due to festival traffic,OPTIMAL,PENDING_APPROVAL,Chief Controller,Google OR-Tools CP-SAT,"Priority P2 (70 pts), overdue 0d. Allocated to window 23:00-03:00 on 2026-09-19.",Independent corridor block.
BR006215_TASK66224,AST_SBC-_6224,BLK_SBC-UBL_0908_434,SBC-UBL,SBC-UBL,SBC-UBL,2026-09-08,2026-09-08 23:00,2026-09-08 03:00,Power Block,TRD,OHE Wiring Depot,P1,240,240,0,True,False,INDEPENDENT,None (Single Task),0,Medium,No,Max 1 block per night,OPTIMAL,PENDING_APPROVAL,Chief Controller,Google OR-Tools CP-SAT,"Priority P1 (85 pts), overdue 0d. Allocated to window 23:00-03:00 on 2026-09-08.",Independent corridor block.
BR006216_TASK92254,AST_CSMT_2254,BLK_CSMT-BSR_0926_545,CSMT-BSR,CSMT-BSR,CSMT-BSR,2026-09-26,2026-09-26 23:00,2026-09-26 03:00,Traffic Block,ENGINEERING,Mechanized Tamping Crew,P2,129,129,0,False,False,INDEPENDENT,BR006372_TASK25060 (ENGINEERING),0,High,Yes,"No block during peak hours 06:00-10:00,17:00-21:00",OPTIMAL,PENDING_APPROVAL,Chief Controller,Google OR-Tools CP-SAT,"Priority P2 (70 pts), overdue 0d. Allocated to window 23:00-03:00 on 2026-09-26.",Independent corridor block.
BR006372_TASK25060,AST_CSMT_5060,BLK_CSMT-BSR_0926_545,CSMT-BSR,CSMT-BSR,CSMT-BSR,2026-09-26,2026-09-26 23:00,2026-09-26 03:00,Track Renewal Block,ENGINEERING,Mechanized Tamping Crew,P1,109,109,0,True,False,INDEPENDENT,BR006216_TASK92254 (ENGINEERING),0,High,Yes,"No block during peak hours 06:00-10:00,17:00-21:00",OPTIMAL,PENDING_APPROVAL,Chief Controller,Google OR-Tools CP-SAT,"Priority P1 (85 pts), overdue 0d. Allocated to window 23:00-03:00 on 2026-09-26.",Independent corridor block.
BR006217_TASK43493,AST_CSMT_3493,BLK_CSMT-BSR_0912_531,CSMT-BSR,CSMT-BSR,CSMT-BSR,2026-09-12,2026-09-12 23:00,2026-09-12 03:00,Cable Block,SMT,Signal Testing Gang,P2,240,240,0,False,False,INDEPENDENT,None (Single Task),0,High,Yes,Max 1 block per night,OPTIMAL,PENDING_APPROVAL,Chief Controller,Google OR-Tools CP-SAT,"Priority P2 (70 pts), overdue 0d. Allocated to window 23:00-03:00 on 2026-09-12.",Independent corridor block.
BR006219_TASK44769,AST_MAS-_4769,BLK_MAS-JTJ_1006_400,MAS-JTJ,MAS-JTJ,MAS-JTJ,2026-10-06,2026-10-06 23:00,2026-10-06 03:00,Signal Maintenance Block,SMT,Signal Testing Gang,P2,111,111,0,False,True,JOINT_POSSESSION,BR006396_TASK93668 (ENGINEERING),93,Medium,No,Block suspended - VIP movement,OPTIMAL,PENDING_APPROVAL,Chief Controller,Google OR-Tools CP-SAT,"Priority P2 (70 pts), overdue 0d. Allocated to window 23:00-03:00 on 2026-10-06.",Bundled with BR006396_TASK93668 (ENGINEERING); saves 93 min line closure.
BR006396_TASK93668,AST_MAS-_3668,BLK_MAS-JTJ_1006_400,MAS-JTJ,MAS-JTJ,MAS-JTJ,2026-10-06,2026-10-06 23:00,2026-10-06 03:00,Track Renewal Block,ENGINEERING,Mechanized Tamping Crew,P1,93,93,0,True,True,JOINT_POSSESSION,BR006219_TASK44769 (SMT),93,Medium,No,Block suspended - VIP movement,OPTIMAL,PENDING_APPROVAL,Chief Controller,Google OR-Tools CP-SAT,"Priority P1 (85 pts), overdue 0d. Allocated to window 23:00-03:00 on 2026-10-06.",Bundled with BR006219_TASK44769 (SMT); saves 93 min line closure.
BR006220_TASK94981,AST_ADI-_4981,BLK_ADI-BRC_1003_645,ADI-BRC,ADI-BRC,ADI-BRC,2026-10-03,2026-10-03 23:00,2026-10-03 03:00,Non-Interlocking Block,ENGINEERING,Mechanized Tamping Crew,P1,240,240,0,True,False,INDEPENDENT,None (Single Task),0,High,No,"No block during peak hours 06:00-10:00,17:00-21:00",OPTIMAL,PENDING_APPROVAL,Chief Controller,Google OR-Tools CP-SAT,"Priority P1 (85 pts), overdue 0d. Allocated to window 23:00-03:00 on 2026-10-03.",Independent corridor block.
BR006223_TASK13202,AST_BRC-_3202,BLK_BRC-ST_0912_655,BRC-ST,BRC-ST,BRC-ST,2026-09-12,2026-09-12 23:00,2026-09-12 03:00,Signal Maintenance Block,SMT,Signal Testing Gang,P2,63,63,0,False,False,INDEPENDENT,BR006328_TASK41896 (SMT),0,High,No,Single line working only,OPTIMAL,PENDING_APPROVAL,Chief Controller,Google OR-Tools CP-SAT,"Priority P2 (70 pts), overdue 0d. Allocated to window 23:00-03:00 on 2026-09-12.",Independent corridor block.
BR006328_TASK41896,AST_BRC-_1896,BLK_BRC-ST_0912_655,BRC-ST,BRC-ST,BRC-ST,2026-09-12,2026-09-12 23:00,2026-09-12 03:00,Cable Block,SMT,Signal Testing Gang,P2,139,139,0,False,False,INDEPENDENT,BR006223_TASK13202 (SMT),0,High,No,Single line working only,OPTIMAL,PENDING_APPROVAL,Chief Controller,Google OR-Tools CP-SAT,"Priority P2 (70 pts), overdue 0d. Allocated to window 23:00-03:00 on 2026-09-12.",Independent corridor block.
BR006227_TASK23623,AST_JU-J_3623,BLK_JU-JP_1004_770,JU-JP,JU-JP,JU-JP,2026-10-04,2026-10-04 23:00,2026-10-04 05:00,Signal Maintenance Block,SMT,Signal Testing Gang,P2,199,199,0,False,False,INDEPENDENT,None (Single Task),0,Low,No,No restriction,OPTIMAL,PENDING_APPROVAL,Chief Controller,Google OR-Tools CP-SAT,"Priority P2 (70 pts), overdue 0d. Allocated to window 23:00-05:00 on 2026-10-04.",Independent corridor block.
BR006228_TASK22770,AST_BSR-_2770,BLK_BSR-BPL_0920_570,BSR-BPL,BSR-BPL,BSR-BPL,2026-09-20,2026-09-20 23:00,2026-09-20 03:00,Cable Block,SMT,Signal Testing Gang,P2,63,63,0,False,False,INDEPENDENT,BR006286_TASK66305 (SMT),0,High,Yes,Max 1 block per night,OPTIMAL,PENDING_APPROVAL,Chief Controller,Google OR-Tools CP-SAT,"Priority P2 (70 pts), overdue 0d. Allocated to window 23:00-03:00 on 2026-09-20.",Independent corridor block.
BR006286_TASK66305,AST_BSR-_6305,BLK_BSR-BPL_0920_570,BSR-BPL,BSR-BPL,BSR-BPL,2026-09-20,2026-09-20 23:00,2026-09-20 03:00,Signal Maintenance Block,SMT,Signal Testing Gang,P2,148,148,0,False,False,INDEPENDENT,BR006228_TASK22770 (SMT),0,High,Yes,Max 1 block per night,OPTIMAL,PENDING_APPROVAL,Chief Controller,Google OR-Tools CP-SAT,"Priority P2 (70 pts), overdue 0d. Allocated to window 23:00-03:00 on 2026-09-20.",Independent corridor block.
BR006229_TASK33953,AST_NDLS_3953,BLK_NDLS-GZB_1006_28,NDLS-GZB,NDLS-GZB,NDLS-GZB,2026-10-06,2026-10-06 23:00,2026-10-06 02:00,Power Block,TRD,OHE Wiring Depot,P1,157,157,0,True,False,INDEPENDENT,None (Single Task),0,High,No,"No block during peak hours 06:00-10:00,17:00-21:00",OPTIMAL,PENDING_APPROVAL,Chief Controller,Google OR-Tools CP-SAT,"Priority P1 (85 pts), overdue 0d. Allocated to window 23:00-02:00 on 2026-10-06.",Independent corridor block.
BR006230_TASK30514,AST_CNB-_0514,BLK_CNB-ALD_1007_184,CNB-ALD,CNB-ALD,CNB-ALD,2026-10-07,2026-10-07 23:00,2026-10-07 02:00,Power Block,TRD,OHE Wiring Depot,P1,92,92,0,True,True,JOINT_POSSESSION,BR006270_TASK90185 (ENGINEERING),65,High,No,Single line working only,OPTIMAL,PENDING_APPROVAL,Chief Controller,Google OR-Tools CP-SAT,"Priority P1 (85 pts), overdue 0d. Allocated to window 23:00-02:00 on 2026-10-07.",Bundled with BR006270_TASK90185 (ENGINEERING); saves 65 min line closure.
BR006270_TASK90185,AST_CNB-_0185,BLK_CNB-ALD_1007_184,CNB-ALD,CNB-ALD,CNB-ALD,2026-10-07,2026-10-07 23:00,2026-10-07 02:00,Non-Interlocking Block,ENGINEERING,Mechanized Tamping Crew,P1,65,65,0,True,True,JOINT_POSSESSION,BR006230_TASK30514 (TRD),65,High,No,Single line working only,OPTIMAL,PENDING_APPROVAL,Chief Controller,Google OR-Tools CP-SAT,"Priority P1 (85 pts), overdue 0d. Allocated to window 23:00-02:00 on 2026-10-07.",Bundled with BR006230_TASK30514 (TRD); saves 65 min line closure.
BR006231_TASK88609,AST_MAS-_8609,BLK_MAS-JTJ_1008_402,MAS-JTJ,MAS-JTJ,MAS-JTJ,2026-10-08,2026-10-08 23:00,2026-10-08 03:00,Traffic Block,ENGINEERING,Mechanized Tamping Crew,P2,65,65,0,False,True,JOINT_POSSESSION,BR006367_TASK96422 (TRD),65,Medium,No,No restriction,OPTIMAL,PENDING_APPROVAL,Chief Controller,Google OR-Tools CP-SAT,"Priority P2 (70 pts), overdue 0d. Allocated to window 23:00-03:00 on 2026-10-08.",Bundled with BR006367_TASK96422 (TRD); saves 65 min line closure.
BR006367_TASK96422,AST_MAS-_6422,BLK_MAS-JTJ_1008_402,MAS-JTJ,MAS-JTJ,MAS-JTJ,2026-10-08,2026-10-08 23:00,2026-10-08 03:00,Traction Feed Block,TRD,OHE Wiring Depot,P2,94,94,0,False,True,JOINT_POSSESSION,BR006231_TASK88609 (ENGINEERING),65,Medium,No,No restriction,OPTIMAL,PENDING_APPROVAL,Chief Controller,Google OR-Tools CP-SAT,"Priority P2 (70 pts), overdue 0d. Allocated to window 23:00-03:00 on 2026-10-08.",Bundled with BR006231_TASK88609 (ENGINEERING); saves 65 min line closure.
BR006232_TASK48509,AST_MGS-_8509,BLK_MGS-HWH_1004_243,MGS-HWH,MGS-HWH,MGS-HWH,2026-10-04,2026-10-04 23:00,2026-10-04 03:00,Track Renewal Block,ENGINEERING,Mechanized Tamping Crew,P1,100,100,0,True,False,INDEPENDENT,BR006347_TASK96616 (ENGINEERING),0,High,Yes,Max 1 block per night,OPTIMAL,PENDING_APPROVAL,Chief Controller,Google OR-Tools CP-SAT,"Priority P1 (85 pts), overdue 0d. Allocated to window 23:00-03:00 on 2026-10-04.",Independent corridor block.
BR006347_TASK96616,AST_MGS-_6616,BLK_MGS-HWH_1004_243,MGS-HWH,MGS-HWH,MGS-HWH,2026-10-04,2026-10-04 23:00,2026-10-04 03:00,Track Renewal Block,ENGINEERING,Mechanized Tamping Crew,P1,130,130,0,True,False,INDEPENDENT,BR006232_TASK48509 (ENGINEERING),0,High,Yes,Max 1 block per night,OPTIMAL,PENDING_APPROVAL,Chief Controller,Google OR-Tools CP-SAT,"Priority P1 (85 pts), overdue 0d. Allocated to window 23:00-03:00 on 2026-10-04.",Independent corridor block.
BR006233_TASK40731,AST_SBC-_0731,BLK_SBC-UBL_0925_451,SBC-UBL,SBC-UBL,SBC-UBL,2026-09-25,2026-09-25 23:00,2026-09-25 03:00,Track Renewal Block,ENGINEERING,Mechanized Tamping Crew,P1,240,240,0,True,False,INDEPENDENT,None (Single Task),0,Medium,No,Block suspended - VIP movement,OPTIMAL,PENDING_APPROVAL,Chief Controller,Google OR-Tools CP-SAT,"Priority P1 (85 pts), overdue 0d. Allocated to window 23:00-03:00 on 2026-09-25.",Independent corridor block.
BR006237_TASK17276,AST_BPL-_7276,BLK_BPL-JHS_1004_615,BPL-JHS,BPL-JHS,BPL-JHS,2026-10-04,2026-10-04 23:00,2026-10-04 04:00,Cable Block,SMT,Signal Testing Gang,P2,175,175,0,False,True,JOINT_POSSESSION,BR006256_TASK65619 (ENGINEERING),119,Medium,No,No restriction,OPTIMAL,PENDING_APPROVAL,Chief Controller,Google OR-Tools CP-SAT,"Priority P2 (70 pts), overdue 0d. Allocated to window 23:00-04:00 on 2026-10-04.",Bundled with BR006256_TASK65619 (ENGINEERING); saves 119 min line closure.
BR006256_TASK65619,AST_BPL-_5619,BLK_BPL-JHS_1004_615,BPL-JHS,BPL-JHS,BPL-JHS,2026-10-04,2026-10-04 23:00,2026-10-04 04:00,Track Renewal Block,ENGINEERING,Mechanized Tamping Crew,P1,119,119,0,True,True,JOINT_POSSESSION,BR006237_TASK17276 (SMT),119,Medium,No,No restriction,OPTIMAL,PENDING_APPROVAL,Chief Controller,Google OR-Tools CP-SAT,"Priority P1 (85 pts), overdue 0d. Allocated to window 23:00-04:00 on 2026-10-04.",Bundled with BR006237_TASK17276 (SMT); saves 119 min line closure.
BR006238_TASK12834,AST_HWH-_2834,BLK_HWH-NJP_0912_810,HWH-NJP,HWH-NJP,HWH-NJP,2026-09-12,2026-09-12 23:00,2026-09-12 05:00,Power Block,TRD,OHE Wiring Depot,P1,240,240,0,True,False,INDEPENDENT,None (Single Task),0,Low,No,Max 1 block per night,OPTIMAL,PENDING_APPROVAL,Chief Controller,Google OR-Tools CP-SAT,"Priority P1 (85 pts), overdue 0d. Allocated to window 23:00-05:00 on 2026-09-12.",Independent corridor block.
BR006239_TASK26344,AST_JTJ-_6344,BLK_JTJ-SBC_1006_431,JTJ-SBC,JTJ-SBC,JTJ-SBC,2026-10-06,2026-10-06 23:00,2026-10-06 03:00,Cable Block,SMT,Signal Testing Gang,P2,240,240,0,False,False,INDEPENDENT,None (Single Task),0,Medium,Yes,No restriction,OPTIMAL,PENDING_APPROVAL,Chief Controller,Google OR-Tools CP-SAT,"Priority P2 (70 pts), overdue 0d. Allocated to window 23:00-03:00 on 2026-10-06.",Independent corridor block.
BR006241_TASK77103,AST_SBC-_7103,BLK_SBC-UBL_1004_460,SBC-UBL,SBC-UBL,SBC-UBL,2026-10-04,2026-10-04 23:00,2026-10-04 04:00,Interlocking Testing Block,SMT,Signal Testing Gang,P1,143,143,0,True,True,JOINT_POSSESSION,BR006308_TASK96640 (TRD),114,Medium,Yes,Block suspended - VIP movement,OPTIMAL,PENDING_APPROVAL,Chief Controller,Google OR-Tools CP-SAT,"Priority P1 (85 pts), overdue 0d. Allocated to window 23:00-04:00 on 2026-10-04.",Bundled with BR006308_TASK96640 (TRD); saves 114 min line closure.
BR006308_TASK96640,AST_SBC-_6640,BLK_SBC-UBL_1004_460,SBC-UBL,SBC-UBL,SBC-UBL,2026-10-04,2026-10-04 23:00,2026-10-04 04:00,OHE Maintenance Block,TRD,OHE Wiring Depot,P2,114,114,0,False,True,JOINT_POSSESSION,BR006241_TASK77103 (SMT),114,Medium,Yes,Block suspended - VIP movement,OPTIMAL,PENDING_APPROVAL,Chief Controller,Google OR-Tools CP-SAT,"Priority P2 (70 pts), overdue 0d. Allocated to window 23:00-04:00 on 2026-10-04.",Bundled with BR006241_TASK77103 (SMT); saves 114 min line closure.
BR006243_TASK41529,AST_VSKP_1529,BLK_VSKP-BZA_0908_310,VSKP-BZA,VSKP-BZA,VSKP-BZA,2026-09-08,2026-09-08 23:00,2026-09-08 03:00,OHE Maintenance Block,TRD,OHE Wiring Depot,P2,240,240,0,False,False,INDEPENDENT,None (Single Task),0,Medium,No,"No block during peak hours 06:00-10:00,17:00-21:00",OPTIMAL,PENDING_APPROVAL,Chief Controller,Google OR-Tools CP-SAT,"Priority P2 (70 pts), overdue 0d. Allocated to window 23:00-03:00 on 2026-09-08.",Independent corridor block.
BR006244_TASK38597,AST_NDLS_8597,BLK_NDLS-GZB_0921_13,NDLS-GZB,NDLS-GZB,NDLS-GZB,2026-09-21,2026-09-21 23:00,2026-09-21 02:00,Signal Maintenance Block,SMT,Signal Testing Gang,P2,96,96,0,False,True,JOINT_POSSESSION,BR006254_TASK98928 (TRD),64,High,Yes,Max 1 block per night,OPTIMAL,PENDING_APPROVAL,Chief Controller,Google OR-Tools CP-SAT,"Priority P2 (70 pts), overdue 0d. Allocated to window 23:00-02:00 on 2026-09-21.",Bundled with BR006254_TASK98928 (TRD); saves 64 min line closure.
BR006254_TASK98928,AST_NDLS_8928,BLK_NDLS-GZB_0921_13,NDLS-GZB,NDLS-GZB,NDLS-GZB,2026-09-21,2026-09-21 23:00,2026-09-21 02:00,Traction Feed Block,TRD,OHE Wiring Depot,P2,64,64,0,False,True,JOINT_POSSESSION,BR006244_TASK38597 (SMT),64,High,Yes,Max 1 block per night,OPTIMAL,PENDING_APPROVAL,Chief Controller,Google OR-Tools CP-SAT,"Priority P2 (70 pts), overdue 0d. Allocated to window 23:00-02:00 on 2026-09-21.",Bundled with BR006244_TASK38597 (SMT); saves 64 min line closure.
BR006246_TASK79082,AST_UBL-_9082,BLK_UBL-PUNE_1004_491,UBL-PUNE,UBL-PUNE,UBL-PUNE,2026-10-04,2026-10-04 23:00,2026-10-04 04:00,Track Renewal Block,ENGINEERING,Mechanized Tamping Crew,P1,182,182,0,True,False,INDEPENDENT,None (Single Task),0,Medium,No,Single line working only,OPTIMAL,PENDING_APPROVAL,Chief Controller,Google OR-Tools CP-SAT,"Priority P1 (85 pts), overdue 0d. Allocated to window 23:00-04:00 on 2026-10-04.",Independent corridor block.
BR006247_TASK10343,AST_HWH-_0343,BLK_HWH-KGP_1001_271,HWH-KGP,HWH-KGP,HWH-KGP,2026-10-01,2026-10-01 23:00,2026-10-01 02:00,Track Renewal Block,ENGINEERING,Mechanized Tamping Crew,P1,145,145,0,True,False,INDEPENDENT,None (Single Task),0,High,Yes,Single line working only,OPTIMAL,PENDING_APPROVAL,Chief Controller,Google OR-Tools CP-SAT,"Priority P1 (85 pts), overdue 0d. Allocated to window 23:00-02:00 on 2026-10-01.",Independent corridor block.
BR006248_TASK29664,AST_CNB-_9664,BLK_CNB-ALD_0919_166,CNB-ALD,CNB-ALD,CNB-ALD,2026-09-19,2026-09-19 23:00,2026-09-19 03:00,Traction Feed Block,TRD,OHE Wiring Depot,P2,240,240,0,False,False,INDEPENDENT,None (Single Task),0,High,Yes,Single line working only,OPTIMAL,PENDING_APPROVAL,Chief Controller,Google OR-Tools CP-SAT,"Priority P2 (70 pts), overdue 0d. Allocated to window 23:00-03:00 on 2026-09-19.",Independent corridor block.
BR006249_TASK51734,AST_ADI-_1734,BLK_ADI-BRC_0927_639,ADI-BRC,ADI-BRC,ADI-BRC,2026-09-27,2026-09-27 23:00,2026-09-27 03:00,Traction Feed Block,TRD,OHE Wiring Depot,P2,227,227,0,False,False,INDEPENDENT,None (Single Task),0,High,Yes,Max 1 block per night,OPTIMAL,PENDING_APPROVAL,Chief Controller,Google OR-Tools CP-SAT,"Priority P2 (70 pts), overdue 0d. Allocated to window 23:00-03:00 on 2026-09-27.",Independent corridor block.
BR006250_TASK36429,AST_HWH-_6429,BLK_HWH-KGP_0926_266,HWH-KGP,HWH-KGP,HWH-KGP,2026-09-26,2026-09-26 23:00,2026-09-26 03:00,Signal Maintenance Block,SMT,Signal Testing Gang,P2,240,240,0,False,False,INDEPENDENT,None (Single Task),0,High,No,"No block during peak hours 06:00-10:00,17:00-21:00",OPTIMAL,PENDING_APPROVAL,Chief Controller,Google OR-Tools CP-SAT,"Priority P2 (70 pts), overdue 0d. Allocated to window 23:00-03:00 on 2026-09-26.",Independent corridor block.
BR006251_TASK79031,AST_ADI-_9031,BLK_ADI-BRC_0920_632,ADI-BRC,ADI-BRC,ADI-BRC,2026-09-20,2026-09-20 23:00,2026-09-20 03:00,Traction Feed Block,TRD,OHE Wiring Depot,P2,182,182,0,False,True,JOINT_POSSESSION,BR006345_TASK75791 (SMT),51,High,Yes,"No block during peak hours 06:00-10:00,17:00-21:00",OPTIMAL,PENDING_APPROVAL,Chief Controller,Google OR-Tools CP-SAT,"Priority P2 (70 pts), overdue 0d. Allocated to window 23:00-03:00 on 2026-09-20.",Bundled with BR006345_TASK75791 (SMT); saves 51 min line closure.
BR006345_TASK75791,AST_ADI-_5791,BLK_ADI-BRC_0920_632,ADI-BRC,ADI-BRC,ADI-BRC,2026-09-20,2026-09-20 23:00,2026-09-20 03:00,Signal Maintenance Block,SMT,Signal Testing Gang,P2,51,51,0,False,True,JOINT_POSSESSION,BR006251_TASK79031 (TRD),51,High,Yes,"No block during peak hours 06:00-10:00,17:00-21:00",OPTIMAL,PENDING_APPROVAL,Chief Controller,Google OR-Tools CP-SAT,"Priority P2 (70 pts), overdue 0d. Allocated to window 23:00-03:00 on 2026-09-20.",Bundled with BR006251_TASK79031 (TRD); saves 51 min line closure.
BR006252_TASK95548,AST_CNB-_5548,BLK_CNB-ALD_1008_185,CNB-ALD,CNB-ALD,CNB-ALD,2026-10-08,2026-10-08 23:00,2026-10-08 02:00,Track Renewal Block,ENGINEERING,Mechanized Tamping Crew,P1,90,90,0,True,False,INDEPENDENT,None (Single Task),0,High,No,Single line working only,OPTIMAL,PENDING_APPROVAL,Chief Controller,Google OR-Tools CP-SAT,"Priority P1 (85 pts), overdue 0d. Allocated to window 23:00-02:00 on 2026-10-08.",Independent corridor block.
BR006259_TASK55927,AST_BZA-_5927,BLK_BZA-SC_0909_900,BZA-SC,BZA-SC,BZA-SC,2026-09-09,2026-09-09 23:00,2026-09-09 03:00,Signal Maintenance Block,SMT,Signal Testing Gang,P2,240,240,0,False,False,INDEPENDENT,None (Single Task),0,Medium,No,Max 1 block per night,OPTIMAL,PENDING_APPROVAL,Chief Controller,Google OR-Tools CP-SAT,"Priority P2 (70 pts), overdue 0d. Allocated to window 23:00-03:00 on 2026-09-09.",Independent corridor block.
BR006260_TASK97268,AST_JTJ-_7268,BLK_JTJ-SBC_0929_424,JTJ-SBC,JTJ-SBC,JTJ-SBC,2026-09-29,2026-09-29 23:00,2026-09-29 03:00,Power Block,TRD,OHE Wiring Depot,P1,150,150,0,True,True,JOINT_POSSESSION,BR006382_TASK47254 (ENGINEERING),65,Medium,Yes,"No block during peak hours 06:00-10:00,17:00-21:00",OPTIMAL,PENDING_APPROVAL,Chief Controller,Google OR-Tools CP-SAT,"Priority P1 (85 pts), overdue 0d. Allocated to window 23:00-03:00 on 2026-09-29.",Bundled with BR006382_TASK47254 (ENGINEERING); saves 65 min line closure.
BR006382_TASK47254,AST_JTJ-_7254,BLK_JTJ-SBC_0929_424,JTJ-SBC,JTJ-SBC,JTJ-SBC,2026-09-29,2026-09-29 23:00,2026-09-29 03:00,Bridge Inspection Block,ENGINEERING,Mechanized Tamping Crew,P2,65,65,0,False,True,JOINT_POSSESSION,BR006260_TASK97268 (TRD),65,Medium,Yes,"No block during peak hours 06:00-10:00,17:00-21:00",OPTIMAL,PENDING_APPROVAL,Chief Controller,Google OR-Tools CP-SAT,"Priority P2 (70 pts), overdue 0d. Allocated to window 23:00-03:00 on 2026-09-29.",Bundled with BR006260_TASK97268 (TRD); saves 65 min line closure.
BR006261_TASK78487,AST_MAS-_8487,BLK_MAS-JTJ_0923_387,MAS-JTJ,MAS-JTJ,MAS-JTJ,2026-09-23,2026-09-23 23:00,2026-09-23 03:00,Signal Maintenance Block,SMT,Signal Testing Gang,P2,240,240,0,False,False,INDEPENDENT,None (Single Task),0,Medium,Yes,Single line working only,OPTIMAL,PENDING_APPROVAL,Chief Controller,Google OR-Tools CP-SAT,"Priority P2 (70 pts), overdue 0d. Allocated to window 23:00-03:00 on 2026-09-23.",Independent corridor block.
BR006262_TASK39145,AST_SBC-_9145,BLK_SBC-UBL_0913_439,SBC-UBL,SBC-UBL,SBC-UBL,2026-09-13,2026-09-13 23:00,2026-09-13 04:00,Cable Block,SMT,Signal Testing Gang,P2,161,161,0,False,True,JOINT_POSSESSION,BR006331_TASK38231 (TRD),105,Medium,Yes,No restriction,OPTIMAL,PENDING_APPROVAL,Chief Controller,Google OR-Tools CP-SAT,"Priority P2 (70 pts), overdue 0d. Allocated to window 23:00-04:00 on 2026-09-13.",Bundled with BR006331_TASK38231 (TRD); saves 105 min line closure.
BR006331_TASK38231,AST_SBC-_8231,BLK_SBC-UBL_0913_439,SBC-UBL,SBC-UBL,SBC-UBL,2026-09-13,2026-09-13 23:00,2026-09-13 04:00,Traction Feed Block,TRD,OHE Wiring Depot,P2,105,105,0,False,True,JOINT_POSSESSION,BR006262_TASK39145 (SMT),105,Medium,Yes,No restriction,OPTIMAL,PENDING_APPROVAL,Chief Controller,Google OR-Tools CP-SAT,"Priority P2 (70 pts), overdue 0d. Allocated to window 23:00-04:00 on 2026-09-13.",Bundled with BR006262_TASK39145 (SMT); saves 105 min line closure.
BR006265_TASK27019,AST_MGS-_7019,BLK_MGS-HWH_0909_218,MGS-HWH,MGS-HWH,MGS-HWH,2026-09-09,2026-09-09 23:00,2026-09-09 02:00,Non-Interlocking Block,ENGINEERING,Mechanized Tamping Crew,P1,174,174,0,True,False,INDEPENDENT,None (Single Task),0,High,Yes,"No block during peak hours 06:00-10:00,17:00-21:00",OPTIMAL,PENDING_APPROVAL,Chief Controller,Google OR-Tools CP-SAT,"Priority P1 (85 pts), overdue 0d. Allocated to window 23:00-02:00 on 2026-09-09.",Independent corridor block.
BR006267_TASK46963,AST_PUNE_6963,BLK_PUNE-CSMT_0928_516,PUNE-CSMT,PUNE-CSMT,PUNE-CSMT,2026-09-28,2026-09-28 23:00,2026-09-28 03:00,OHE Maintenance Block,TRD,OHE Wiring Depot,P2,139,139,0,False,True,JOINT_POSSESSION,BR006412_TASK15381 (SMT),63,Medium,Yes,Max 1 block per night,OPTIMAL,PENDING_APPROVAL,Chief Controller,Google OR-Tools CP-SAT,"Priority P2 (70 pts), overdue 0d. Allocated to window 23:00-03:00 on 2026-09-28.",Bundled with BR006412_TASK15381 (SMT); saves 63 min line closure.
BR006412_TASK15381,AST_PUNE_5381,BLK_PUNE-CSMT_0928_516,PUNE-CSMT,PUNE-CSMT,PUNE-CSMT,2026-09-28,2026-09-28 23:00,2026-09-28 03:00,Interlocking Testing Block,SMT,Signal Testing Gang,P1,63,63,0,True,True,JOINT_POSSESSION,BR006267_TASK46963 (TRD),63,Medium,Yes,Max 1 block per night,OPTIMAL,PENDING_APPROVAL,Chief Controller,Google OR-Tools CP-SAT,"Priority P1 (85 pts), overdue 0d. Allocated to window 23:00-03:00 on 2026-09-28.",Bundled with BR006267_TASK46963 (TRD); saves 63 min line closure.
BR006268_TASK94295,AST_HWH-_4295,BLK_HWH-NJP_1007_835,HWH-NJP,HWH-NJP,HWH-NJP,2026-10-07,2026-10-07 23:00,2026-10-07 04:00,Interlocking Testing Block,SMT,Signal Testing Gang,P1,203,203,0,True,False,INDEPENDENT,BR006311_TASK17354 (SMT),0,Low,Yes,No restriction,OPTIMAL,PENDING_APPROVAL,Chief Controller,Google OR-Tools CP-SAT,"Priority P1 (85 pts), overdue 0d. Allocated to window 23:00-04:00 on 2026-10-07.",Independent corridor block.
BR006311_TASK17354,AST_HWH-_7354,BLK_HWH-NJP_1007_835,HWH-NJP,HWH-NJP,HWH-NJP,2026-10-07,2026-10-07 23:00,2026-10-07 04:00,Cable Block,SMT,Signal Testing Gang,P2,75,75,0,False,False,INDEPENDENT,BR006268_TASK94295 (SMT),0,Low,Yes,No restriction,OPTIMAL,PENDING_APPROVAL,Chief Controller,Google OR-Tools CP-SAT,"Priority P2 (70 pts), overdue 0d. Allocated to window 23:00-04:00 on 2026-10-07.",Independent corridor block.
BR006272_TASK40293,AST_JU-J_0293,BLK_JU-JP_1007_773,JU-JP,JU-JP,JU-JP,2026-10-07,2026-10-07 23:00,2026-10-07 04:00,Interlocking Testing Block,SMT,Signal Testing Gang,P1,210,210,0,True,True,JOINT_POSSESSION,BR006420_TASK38419 (TRD),70,Low,Yes,No restriction,OPTIMAL,PENDING_APPROVAL,Chief Controller,Google OR-Tools CP-SAT,"Priority P1 (85 pts), overdue 0d. Allocated to window 23:00-04:00 on 2026-10-07.",Bundled with BR006420_TASK38419 (TRD); saves 70 min line closure.
BR006420_TASK38419,AST_JU-J_8419,BLK_JU-JP_1007_773,JU-JP,JU-JP,JU-JP,2026-10-07,2026-10-07 23:00,2026-10-07 04:00,OHE Maintenance Block,TRD,OHE Wiring Depot,P2,70,70,0,False,True,JOINT_POSSESSION,BR006272_TASK40293 (SMT),70,Low,Yes,No restriction,OPTIMAL,PENDING_APPROVAL,Chief Controller,Google OR-Tools CP-SAT,"Priority P2 (70 pts), overdue 0d. Allocated to window 23:00-04:00 on 2026-10-07.",Bundled with BR006272_TASK40293 (SMT); saves 70 min line closure.
BR006274_TASK30055,AST_UBL-_0055,BLK_UBL-PUNE_0912_469,UBL-PUNE,UBL-PUNE,UBL-PUNE,2026-09-12,2026-09-12 23:00,2026-09-12 04:00,Interlocking Testing Block,SMT,Signal Testing Gang,P1,197,197,0,True,False,INDEPENDENT,None (Single Task),0,Medium,Yes,"No block during peak hours 06:00-10:00,17:00-21:00",OPTIMAL,PENDING_APPROVAL,Chief Controller,Google OR-Tools CP-SAT,"Priority P1 (85 pts), overdue 0d. Allocated to window 23:00-04:00 on 2026-09-12.",Independent corridor block.
BR006275_TASK32912,AST_ST-B_2912,BLK_ST-BCT_0918_692,ST-BCT,ST-BCT,ST-BCT,2026-09-18,2026-09-18 23:00,2026-09-18 02:00,Interlocking Testing Block,SMT,Signal Testing Gang,P1,170,170,0,True,False,INDEPENDENT,None (Single Task),0,High,No,"No block during peak hours 06:00-10:00,17:00-21:00",OPTIMAL,PENDING_APPROVAL,Chief Controller,Google OR-Tools CP-SAT,"Priority P1 (85 pts), overdue 0d. Allocated to window 23:00-02:00 on 2026-09-18.",Independent corridor block.
BR006276_TASK19090,AST_BSP-_9090,BLK_BSP-R_0922_1006,BSP-R,BSP-R,BSP-R,2026-09-22,2026-09-22 23:00,2026-09-22 04:00,Traffic Block,ENGINEERING,Mechanized Tamping Crew,P2,207,207,0,False,False,INDEPENDENT,None (Single Task),0,Low,No,Max 1 block per night,OPTIMAL,PENDING_APPROVAL,Chief Controller,Google OR-Tools CP-SAT,"Priority P2 (70 pts), overdue 0d. Allocated to window 23:00-04:00 on 2026-09-22.",Independent corridor block.
BR006278_TASK19271,AST_GZB-_9271,BLK_GZB-CNB_0912_128,GZB-CNB,GZB-CNB,GZB-CNB,2026-09-12,2026-09-12 23:00,2026-09-12 03:00,Cable Block,SMT,Signal Testing Gang,P2,227,227,0,False,False,INDEPENDENT,None (Single Task),0,High,Yes,"No block during peak hours 06:00-10:00,17:00-21:00",OPTIMAL,PENDING_APPROVAL,Chief Controller,Google OR-Tools CP-SAT,"Priority P2 (70 pts), overdue 0d. Allocated to window 23:00-03:00 on 2026-09-12.",Independent corridor block.
BR006279_TASK57093,AST_CSMT_7093,BLK_CSMT-BSR_0913_532,CSMT-BSR,CSMT-BSR,CSMT-BSR,2026-09-13,2026-09-13 23:00,2026-09-13 03:00,Bridge Inspection Block,ENGINEERING,Mechanized Tamping Crew,P2,87,87,0,False,True,JOINT_POSSESSION,BR006413_TASK64917 (SMT),87,High,Yes,Single line working only,OPTIMAL,PENDING_APPROVAL,Chief Controller,Google OR-Tools CP-SAT,"Priority P2 (70 pts), overdue 0d. Allocated to window 23:00-03:00 on 2026-09-13.",Bundled with BR006413_TASK64917 (SMT); saves 87 min line closure.
BR006413_TASK64917,AST_CSMT_4917,BLK_CSMT-BSR_0913_532,CSMT-BSR,CSMT-BSR,CSMT-BSR,2026-09-13,2026-09-13 23:00,2026-09-13 03:00,Cable Block,SMT,Signal Testing Gang,P2,145,145,0,False,True,JOINT_POSSESSION,BR006279_TASK57093 (ENGINEERING),87,High,Yes,Single line working only,OPTIMAL,PENDING_APPROVAL,Chief Controller,Google OR-Tools CP-SAT,"Priority P2 (70 pts), overdue 0d. Allocated to window 23:00-03:00 on 2026-09-13.",Bundled with BR006279_TASK57093 (ENGINEERING); saves 87 min line closure.
BR006280_TASK53044,AST_VSKP_3044,BLK_VSKP-BZA_1008_340,VSKP-BZA,VSKP-BZA,VSKP-BZA,2026-10-08,2026-10-08 23:00,2026-10-08 03:00,Non-Interlocking Block,ENGINEERING,Mechanized Tamping Crew,P1,101,101,0,True,False,INDEPENDENT,BR006395_TASK85833 (ENGINEERING),0,Medium,No,Block suspended - VIP movement,OPTIMAL,PENDING_APPROVAL,Chief Controller,Google OR-Tools CP-SAT,"Priority P1 (85 pts), overdue 0d. Allocated to window 23:00-03:00 on 2026-10-08.",Independent corridor block.
BR006395_TASK85833,AST_VSKP_5833,BLK_VSKP-BZA_1008_340,VSKP-BZA,VSKP-BZA,VSKP-BZA,2026-10-08,2026-10-08 23:00,2026-10-08 03:00,Traffic Block,ENGINEERING,Mechanized Tamping Crew,P2,97,97,0,False,False,INDEPENDENT,BR006280_TASK53044 (ENGINEERING),0,Medium,No,Block suspended - VIP movement,OPTIMAL,PENDING_APPROVAL,Chief Controller,Google OR-Tools CP-SAT,"Priority P2 (70 pts), overdue 0d. Allocated to window 23:00-03:00 on 2026-10-08.",Independent corridor block.
BR006282_TASK64691,AST_ST-B_4691,BLK_ST-BCT_1004_708,ST-BCT,ST-BCT,ST-BCT,2026-10-04,2026-10-04 23:00,2026-10-04 03:00,Signal Maintenance Block,SMT,Signal Testing Gang,P2,72,72,0,False,True,JOINT_POSSESSION,BR006288_TASK17949 (ENGINEERING),72,High,Yes,"No block during peak hours 06:00-10:00,17:00-21:00",OPTIMAL,PENDING_APPROVAL,Chief Controller,Google OR-Tools CP-SAT,"Priority P2 (70 pts), overdue 0d. Allocated to window 23:00-03:00 on 2026-10-04.",Bundled with BR006288_TASK17949 (ENGINEERING); saves 72 min line closure.
BR006288_TASK17949,AST_ST-B_7949,BLK_ST-BCT_1004_708,ST-BCT,ST-BCT,ST-BCT,2026-10-04,2026-10-04 23:00,2026-10-04 03:00,Bridge Inspection Block,ENGINEERING,Mechanized Tamping Crew,P2,151,151,0,False,True,JOINT_POSSESSION,BR006282_TASK64691 (SMT),72,High,Yes,"No block during peak hours 06:00-10:00,17:00-21:00",OPTIMAL,PENDING_APPROVAL,Chief Controller,Google OR-Tools CP-SAT,"Priority P2 (70 pts), overdue 0d. Allocated to window 23:00-03:00 on 2026-10-04.",Bundled with BR006282_TASK64691 (SMT); saves 72 min line closure.
BR006284_TASK71252,AST_SC-N_1252,BLK_SC-NGP_0919_941,SC-NGP,SC-NGP,SC-NGP,2026-09-19,2026-09-19 23:00,2026-09-19 04:00,Non-Interlocking Block,ENGINEERING,Mechanized Tamping Crew,P1,63,63,0,True,False,INDEPENDENT,BR006421_TASK37788 (ENGINEERING),0,Medium,No,No restriction,OPTIMAL,PENDING_APPROVAL,Chief Controller,Google OR-Tools CP-SAT,"Priority P1 (85 pts), overdue 0d. Allocated to window 23:00-04:00 on 2026-09-19.",Independent corridor block.
BR006421_TASK37788,AST_SC-N_7788,BLK_SC-NGP_0919_941,SC-NGP,SC-NGP,SC-NGP,2026-09-19,2026-09-19 23:00,2026-09-19 04:00,Traffic Block,ENGINEERING,Mechanized Tamping Crew,P2,233,233,0,False,False,INDEPENDENT,BR006284_TASK71252 (ENGINEERING),0,Medium,No,No restriction,OPTIMAL,PENDING_APPROVAL,Chief Controller,Google OR-Tools CP-SAT,"Priority P2 (70 pts), overdue 0d. Allocated to window 23:00-04:00 on 2026-09-19.",Independent corridor block.
BR006289_TASK35306,AST_SBC-_5306,BLK_SBC-UBL_0909_435,SBC-UBL,SBC-UBL,SBC-UBL,2026-09-09,2026-09-09 23:00,2026-09-09 03:00,Signal Maintenance Block,SMT,Signal Testing Gang,P2,217,217,0,False,False,INDEPENDENT,None (Single Task),0,Medium,No,Block suspended - VIP movement,OPTIMAL,PENDING_APPROVAL,Chief Controller,Google OR-Tools CP-SAT,"Priority P2 (70 pts), overdue 0d. Allocated to window 23:00-03:00 on 2026-09-09.",Independent corridor block.
BR006291_TASK61124,AST_NGP-_1124,BLK_NGP-BSP_0910_963,NGP-BSP,NGP-BSP,NGP-BSP,2026-09-10,2026-09-10 23:00,2026-09-10 03:00,OHE Maintenance Block,TRD,OHE Wiring Depot,P2,72,72,0,False,True,JOINT_POSSESSION,BR006294_TASK70352 (ENGINEERING),72,Medium,Yes,Max 1 block per night,OPTIMAL,PENDING_APPROVAL,Chief Controller,Google OR-Tools CP-SAT,"Priority P2 (70 pts), overdue 0d. Allocated to window 23:00-03:00 on 2026-09-10.",Bundled with BR006294_TASK70352 (ENGINEERING); saves 72 min line closure.
BR006294_TASK70352,AST_NGP-_0352,BLK_NGP-BSP_0910_963,NGP-BSP,NGP-BSP,NGP-BSP,2026-09-10,2026-09-10 23:00,2026-09-10 03:00,Track Renewal Block,ENGINEERING,Mechanized Tamping Crew,P1,154,154,0,True,True,JOINT_POSSESSION,BR006291_TASK61124 (TRD),72,Medium,Yes,Max 1 block per night,OPTIMAL,PENDING_APPROVAL,Chief Controller,Google OR-Tools CP-SAT,"Priority P1 (85 pts), overdue 0d. Allocated to window 23:00-03:00 on 2026-09-10.",Bundled with BR006291_TASK61124 (TRD); saves 72 min line closure.
BR006292_TASK74477,AST_MGS-_4477,BLK_MGS-HWH_0927_236,MGS-HWH,MGS-HWH,MGS-HWH,2026-09-27,2026-09-27 23:00,2026-09-27 03:00,Track Renewal Block,ENGINEERING,Mechanized Tamping Crew,P1,91,91,0,True,False,INDEPENDENT,BR006315_TASK76247 (ENGINEERING),0,High,No,Max 1 block per night,OPTIMAL,PENDING_APPROVAL,Chief Controller,Google OR-Tools CP-SAT,"Priority P1 (85 pts), overdue 0d. Allocated to window 23:00-03:00 on 2026-09-27.",Independent corridor block.
BR006315_TASK76247,AST_MGS-_6247,BLK_MGS-HWH_0927_236,MGS-HWH,MGS-HWH,MGS-HWH,2026-09-27,2026-09-27 23:00,2026-09-27 03:00,Track Renewal Block,ENGINEERING,Mechanized Tamping Crew,P1,113,113,0,True,False,INDEPENDENT,BR006292_TASK74477 (ENGINEERING),0,High,No,Max 1 block per night,OPTIMAL,PENDING_APPROVAL,Chief Controller,Google OR-Tools CP-SAT,"Priority P1 (85 pts), overdue 0d. Allocated to window 23:00-03:00 on 2026-09-27.",Independent corridor block.
BR006295_TASK80549,AST_NDLS_0549,BLK_NDLS-ASR_1004_88,NDLS-ASR,NDLS-ASR,NDLS-ASR,2026-10-04,2026-10-04 23:00,2026-10-04 04:00,Signal Maintenance Block,SMT,Signal Testing Gang,P2,159,159,0,False,True,JOINT_POSSESSION,BR006386_TASK94275 (ENGINEERING),112,Medium,No,Max 1 block per night,OPTIMAL,PENDING_APPROVAL,Chief Controller,Google OR-Tools CP-SAT,"Priority P2 (70 pts), overdue 0d. Allocated to window 23:00-04:00 on 2026-10-04.",Bundled with BR006386_TASK94275 (ENGINEERING); saves 112 min line closure.
BR006386_TASK94275,AST_NDLS_4275,BLK_NDLS-ASR_1004_88,NDLS-ASR,NDLS-ASR,NDLS-ASR,2026-10-04,2026-10-04 23:00,2026-10-04 04:00,Bridge Inspection Block,ENGINEERING,Mechanized Tamping Crew,P2,112,112,0,False,True,JOINT_POSSESSION,BR006295_TASK80549 (SMT),112,Medium,No,Max 1 block per night,OPTIMAL,PENDING_APPROVAL,Chief Controller,Google OR-Tools CP-SAT,"Priority P2 (70 pts), overdue 0d. Allocated to window 23:00-04:00 on 2026-10-04.",Bundled with BR006295_TASK80549 (SMT); saves 112 min line closure.
BR006296_TASK70347,AST_BZA-_0347,BLK_BZA-SC_1008_929,BZA-SC,BZA-SC,BZA-SC,2026-10-08,2026-10-08 23:00,2026-10-08 03:00,Traffic Block,ENGINEERING,Mechanized Tamping Crew,P2,88,88,0,False,False,INDEPENDENT,BR006369_TASK54371 (ENGINEERING),0,Medium,Yes,Max 1 block per night,OPTIMAL,PENDING_APPROVAL,Chief Controller,Google OR-Tools CP-SAT,"Priority P2 (70 pts), overdue 0d. Allocated to window 23:00-03:00 on 2026-10-08.",Independent corridor block.
BR006369_TASK54371,AST_BZA-_4371,BLK_BZA-SC_1008_929,BZA-SC,BZA-SC,BZA-SC,2026-10-08,2026-10-08 23:00,2026-10-08 03:00,Bridge Inspection Block,ENGINEERING,Mechanized Tamping Crew,P2,85,85,0,False,False,INDEPENDENT,BR006296_TASK70347 (ENGINEERING),0,Medium,Yes,Max 1 block per night,OPTIMAL,PENDING_APPROVAL,Chief Controller,Google OR-Tools CP-SAT,"Priority P2 (70 pts), overdue 0d. Allocated to window 23:00-03:00 on 2026-10-08.",Independent corridor block.
BR006297_TASK16260,AST_UBL-_6260,BLK_UBL-PUNE_1003_490,UBL-PUNE,UBL-PUNE,UBL-PUNE,2026-10-03,2026-10-03 23:00,2026-10-03 04:00,Non-Interlocking Block,ENGINEERING,Mechanized Tamping Crew,P1,240,240,0,True,False,INDEPENDENT,None (Single Task),0,Medium,Yes,Single line working only,OPTIMAL,PENDING_APPROVAL,Chief Controller,Google OR-Tools CP-SAT,"Priority P1 (85 pts), overdue 0d. Allocated to window 23:00-04:00 on 2026-10-03.",Independent corridor block.
BR006298_TASK31838,AST_JP-A_1838,BLK_JP-ADI_0908_775,JP-ADI,JP-ADI,JP-ADI,2026-09-08,2026-09-08 23:00,2026-09-08 04:00,Interlocking Testing Block,SMT,Signal Testing Gang,P1,240,240,0,True,False,INDEPENDENT,None (Single Task),0,Low,Yes,Single line working only,OPTIMAL,PENDING_APPROVAL,Chief Controller,Google OR-Tools CP-SAT,"Priority P1 (85 pts), overdue 0d. Allocated to window 23:00-04:00 on 2026-09-08.",Independent corridor block.
BR006299_TASK98826,AST_UBL-_8826,BLK_UBL-PUNE_0918_475,UBL-PUNE,UBL-PUNE,UBL-PUNE,2026-09-18,2026-09-18 23:00,2026-09-18 03:00,Signal Maintenance Block,SMT,Signal Testing Gang,P2,157,157,0,False,True,JOINT_POSSESSION,BR006422_TASK71125 (ENGINEERING),76,Medium,Yes,Single line working only,OPTIMAL,PENDING_APPROVAL,Chief Controller,Google OR-Tools CP-SAT,"Priority P2 (70 pts), overdue 0d. Allocated to window 23:00-03:00 on 2026-09-18.",Bundled with BR006422_TASK71125 (ENGINEERING); saves 76 min line closure.
BR006422_TASK71125,AST_UBL-_1125,BLK_UBL-PUNE_0918_475,UBL-PUNE,UBL-PUNE,UBL-PUNE,2026-09-18,2026-09-18 23:00,2026-09-18 03:00,Bridge Inspection Block,ENGINEERING,Mechanized Tamping Crew,P2,76,76,0,False,True,JOINT_POSSESSION,BR006299_TASK98826 (SMT),76,Medium,Yes,Single line working only,OPTIMAL,PENDING_APPROVAL,Chief Controller,Google OR-Tools CP-SAT,"Priority P2 (70 pts), overdue 0d. Allocated to window 23:00-03:00 on 2026-09-18.",Bundled with BR006299_TASK98826 (SMT); saves 76 min line closure.
BR006300_TASK28426,AST_NDLS_8426,BLK_NDLS-UMB_1008_61,NDLS-UMB,NDLS-UMB,NDLS-UMB,2026-10-08,2026-10-08 23:00,2026-10-08 03:00,Interlocking Testing Block,SMT,Signal Testing Gang,P1,240,240,0,True,False,INDEPENDENT,None (Single Task),0,Medium,No,"No block during peak hours 06:00-10:00,17:00-21:00",OPTIMAL,PENDING_APPROVAL,Chief Controller,Google OR-Tools CP-SAT,"Priority P1 (85 pts), overdue 0d. Allocated to window 23:00-03:00 on 2026-10-08.",Independent corridor block.
BR006302_TASK28355,AST_BSR-_8355,BLK_BSR-BPL_0930_580,BSR-BPL,BSR-BPL,BSR-BPL,2026-09-30,2026-09-30 23:00,2026-09-30 02:00,OHE Maintenance Block,TRD,OHE Wiring Depot,P2,80,80,0,False,False,INDEPENDENT,BR006361_TASK13863 (TRD),0,High,No,"No block during peak hours 06:00-10:00,17:00-21:00",OPTIMAL,PENDING_APPROVAL,Chief Controller,Google OR-Tools CP-SAT,"Priority P2 (70 pts), overdue 0d. Allocated to window 23:00-02:00 on 2026-09-30.",Independent corridor block.
BR006361_TASK13863,AST_BSR-_3863,BLK_BSR-BPL_0930_580,BSR-BPL,BSR-BPL,BSR-BPL,2026-09-30,2026-09-30 23:00,2026-09-30 02:00,Traction Feed Block,TRD,OHE Wiring Depot,P2,92,92,0,False,False,INDEPENDENT,BR006302_TASK28355 (TRD),0,High,No,"No block during peak hours 06:00-10:00,17:00-21:00",OPTIMAL,PENDING_APPROVAL,Chief Controller,Google OR-Tools CP-SAT,"Priority P2 (70 pts), overdue 0d. Allocated to window 23:00-02:00 on 2026-09-30.",Independent corridor block.
BR006305_TASK34172,AST_BZA-_4172,BLK_BZA-MAS_0920_353,BZA-MAS,BZA-MAS,BZA-MAS,2026-09-20,2026-09-20 23:00,2026-09-20 03:00,Traction Feed Block,TRD,OHE Wiring Depot,P2,65,65,0,False,True,JOINT_POSSESSION,BR006332_TASK68493 (SMT),65,High,Yes,Max 1 block per night,OPTIMAL,PENDING_APPROVAL,Chief Controller,Google OR-Tools CP-SAT,"Priority P2 (70 pts), overdue 0d. Allocated to window 23:00-03:00 on 2026-09-20.",Bundled with BR006332_TASK68493 (SMT); saves 65 min line closure.
BR006332_TASK68493,AST_BZA-_8493,BLK_BZA-MAS_0920_353,BZA-MAS,BZA-MAS,BZA-MAS,2026-09-20,2026-09-20 23:00,2026-09-20 03:00,Interlocking Testing Block,SMT,Signal Testing Gang,P1,131,131,0,True,True,JOINT_POSSESSION,BR006305_TASK34172 (TRD),65,High,Yes,Max 1 block per night,OPTIMAL,PENDING_APPROVAL,Chief Controller,Google OR-Tools CP-SAT,"Priority P1 (85 pts), overdue 0d. Allocated to window 23:00-03:00 on 2026-09-20.",Bundled with BR006305_TASK34172 (TRD); saves 65 min line closure.
BR006313_TASK61089,AST_ADI-_1089,BLK_ADI-BRC_0919_631,ADI-BRC,ADI-BRC,ADI-BRC,2026-09-19,2026-09-19 23:00,2026-09-19 03:00,Signal Maintenance Block,SMT,Signal Testing Gang,P2,64,64,0,False,True,JOINT_POSSESSION,BR006355_TASK34925 (ENGINEERING),64,High,No,Single line working only,OPTIMAL,PENDING_APPROVAL,Chief Controller,Google OR-Tools CP-SAT,"Priority P2 (70 pts), overdue 0d. Allocated to window 23:00-03:00 on 2026-09-19.",Bundled with BR006355_TASK34925 (ENGINEERING); saves 64 min line closure.
BR006355_TASK34925,AST_ADI-_4925,BLK_ADI-BRC_0919_631,ADI-BRC,ADI-BRC,ADI-BRC,2026-09-19,2026-09-19 23:00,2026-09-19 03:00,Non-Interlocking Block,ENGINEERING,Mechanized Tamping Crew,P1,136,136,0,True,True,JOINT_POSSESSION,BR006313_TASK61089 (SMT),64,High,No,Single line working only,OPTIMAL,PENDING_APPROVAL,Chief Controller,Google OR-Tools CP-SAT,"Priority P1 (85 pts), overdue 0d. Allocated to window 23:00-03:00 on 2026-09-19.",Bundled with BR006313_TASK61089 (SMT); saves 64 min line closure.
BR006314_TASK55864,AST_MAS-_5864,BLK_MAS-JTJ_0908_372,MAS-JTJ,MAS-JTJ,MAS-JTJ,2026-09-08,2026-09-08 23:00,2026-09-08 03:00,Bridge Inspection Block,ENGINEERING,Mechanized Tamping Crew,P2,64,64,0,False,False,INDEPENDENT,None (Single Task),0,Medium,Yes,"No block during peak hours 06:00-10:00,17:00-21:00",OPTIMAL,PENDING_APPROVAL,Chief Controller,Google OR-Tools CP-SAT,"Priority P2 (70 pts), overdue 0d. Allocated to window 23:00-03:00 on 2026-09-08.",Independent corridor block.
BR006316_TASK42100,AST_SBC-_2100,BLK_SBC-MAS_0908_868,SBC-MAS,SBC-MAS,SBC-MAS,2026-09-08,2026-09-08 23:00,2026-09-08 03:00,Interlocking Testing Block,SMT,Signal Testing Gang,P1,67,67,0,True,False,INDEPENDENT,None (Single Task),0,Medium,Yes,Single line working only,OPTIMAL,PENDING_APPROVAL,Chief Controller,Google OR-Tools CP-SAT,"Priority P1 (85 pts), overdue 0d. Allocated to window 23:00-03:00 on 2026-09-08.",Independent corridor block.
BR006318_TASK50262,AST_PUNE_0262,BLK_PUNE-CSMT_1008_526,PUNE-CSMT,PUNE-CSMT,PUNE-CSMT,2026-10-08,2026-10-08 23:00,2026-10-08 03:00,Bridge Inspection Block,ENGINEERING,Mechanized Tamping Crew,P2,68,68,0,False,True,JOINT_POSSESSION,BR006418_TASK84347 (TRD),68,Medium,Yes,Single line working only,OPTIMAL,PENDING_APPROVAL,Chief Controller,Google OR-Tools CP-SAT,"Priority P2 (70 pts), overdue 0d. Allocated to window 23:00-03:00 on 2026-10-08.",Bundled with BR006418_TASK84347 (TRD); saves 68 min line closure.
BR006418_TASK84347,AST_PUNE_4347,BLK_PUNE-CSMT_1008_526,PUNE-CSMT,PUNE-CSMT,PUNE-CSMT,2026-10-08,2026-10-08 23:00,2026-10-08 03:00,OHE Maintenance Block,TRD,OHE Wiring Depot,P2,109,109,0,False,True,JOINT_POSSESSION,BR006318_TASK50262 (ENGINEERING),68,Medium,Yes,Single line working only,OPTIMAL,PENDING_APPROVAL,Chief Controller,Google OR-Tools CP-SAT,"Priority P2 (70 pts), overdue 0d. Allocated to window 23:00-03:00 on 2026-10-08.",Bundled with BR006318_TASK50262 (ENGINEERING); saves 68 min line closure.
BR006325_TASK41174,AST_ST-B_1174,BLK_ST-BCT_1003_707,ST-BCT,ST-BCT,ST-BCT,2026-10-03,2026-10-03 23:00,2026-10-03 03:00,Non-Interlocking Block,ENGINEERING,Mechanized Tamping Crew,P1,123,123,0,True,True,JOINT_POSSESSION,BR006363_TASK31670 (SMT),111,High,No,Single line working only,OPTIMAL,PENDING_APPROVAL,Chief Controller,Google OR-Tools CP-SAT,"Priority P1 (85 pts), overdue 0d. Allocated to window 23:00-03:00 on 2026-10-03.",Bundled with BR006363_TASK31670 (SMT); saves 111 min line closure.
BR006363_TASK31670,AST_ST-B_1670,BLK_ST-BCT_1003_707,ST-BCT,ST-BCT,ST-BCT,2026-10-03,2026-10-03 23:00,2026-10-03 03:00,Signal Maintenance Block,SMT,Signal Testing Gang,P2,111,111,0,False,True,JOINT_POSSESSION,BR006325_TASK41174 (ENGINEERING),111,High,No,Single line working only,OPTIMAL,PENDING_APPROVAL,Chief Controller,Google OR-Tools CP-SAT,"Priority P2 (70 pts), overdue 0d. Allocated to window 23:00-03:00 on 2026-10-03.",Bundled with BR006325_TASK41174 (ENGINEERING); saves 111 min line closure.
BR006326_TASK61891,AST_CNB-_1891,BLK_CNB-ALD_0913_160,CNB-ALD,CNB-ALD,CNB-ALD,2026-09-13,2026-09-13 23:00,2026-09-13 03:00,Power Block,TRD,OHE Wiring Depot,P1,213,213,0,True,False,INDEPENDENT,None (Single Task),0,High,Yes,"No block during peak hours 06:00-10:00,17:00-21:00",OPTIMAL,PENDING_APPROVAL,Chief Controller,Google OR-Tools CP-SAT,"Priority P1 (85 pts), overdue 0d. Allocated to window 23:00-03:00 on 2026-09-13.",Independent corridor block.
BR006329_TASK21469,AST_CNB-_1469,BLK_CNB-ALD_1003_180,CNB-ALD,CNB-ALD,CNB-ALD,2026-10-03,2026-10-03 23:00,2026-10-03 03:00,Bridge Inspection Block,ENGINEERING,Mechanized Tamping Crew,P2,101,101,0,False,True,JOINT_POSSESSION,BR006366_TASK10915 (TRD),43,High,No,Max 1 block per night,OPTIMAL,PENDING_APPROVAL,Chief Controller,Google OR-Tools CP-SAT,"Priority P2 (70 pts), overdue 0d. Allocated to window 23:00-03:00 on 2026-10-03.",Bundled with BR006366_TASK10915 (TRD); saves 43 min line closure.
BR006366_TASK10915,AST_CNB-_0915,BLK_CNB-ALD_1003_180,CNB-ALD,CNB-ALD,CNB-ALD,2026-10-03,2026-10-03 23:00,2026-10-03 03:00,Traction Feed Block,TRD,OHE Wiring Depot,P2,43,43,0,False,True,JOINT_POSSESSION,BR006329_TASK21469 (ENGINEERING),43,High,No,Max 1 block per night,OPTIMAL,PENDING_APPROVAL,Chief Controller,Google OR-Tools CP-SAT,"Priority P2 (70 pts), overdue 0d. Allocated to window 23:00-03:00 on 2026-10-03.",Bundled with BR006329_TASK21469 (ENGINEERING); saves 43 min line closure.
BR006334_TASK82254,AST_HWH-_2254,BLK_HWH-KGP_0913_253,HWH-KGP,HWH-KGP,HWH-KGP,2026-09-13,2026-09-13 23:00,2026-09-13 03:00,OHE Maintenance Block,TRD,OHE Wiring Depot,P2,240,240,0,False,False,INDEPENDENT,None (Single Task),0,High,No,"No block during peak hours 06:00-10:00,17:00-21:00",OPTIMAL,PENDING_APPROVAL,Chief Controller,Google OR-Tools CP-SAT,"Priority P2 (70 pts), overdue 0d. Allocated to window 23:00-03:00 on 2026-09-13.",Independent corridor block.
BR006336_TASK75305,AST_ALD-_5305,BLK_ALD-MGS_0920_198,ALD-MGS,ALD-MGS,ALD-MGS,2026-09-20,2026-09-20 23:00,2026-09-20 03:00,Signal Maintenance Block,SMT,Signal Testing Gang,P2,236,236,0,False,False,INDEPENDENT,None (Single Task),0,High,No,"No block during peak hours 06:00-10:00,17:00-21:00",OPTIMAL,PENDING_APPROVAL,Chief Controller,Google OR-Tools CP-SAT,"Priority P2 (70 pts), overdue 0d. Allocated to window 23:00-03:00 on 2026-09-20.",Independent corridor block.
BR006338_TASK27678,AST_CSMT_7678,BLK_CSMT-BSR_0919_538,CSMT-BSR,CSMT-BSR,CSMT-BSR,2026-09-19,2026-09-19 23:00,2026-09-19 03:00,Non-Interlocking Block,ENGINEERING,Mechanized Tamping Crew,P1,240,240,0,True,False,INDEPENDENT,None (Single Task),0,High,Yes,Max 1 block per night,OPTIMAL,PENDING_APPROVAL,Chief Controller,Google OR-Tools CP-SAT,"Priority P1 (85 pts), overdue 0d. Allocated to window 23:00-03:00 on 2026-09-19.",Independent corridor block.
BR006339_TASK12953,AST_BRC-_2953,BLK_BRC-ST_0908_651,BRC-ST,BRC-ST,BRC-ST,2026-09-08,2026-09-08 23:00,2026-09-08 02:00,Cable Block,SMT,Signal Testing Gang,P2,145,145,0,False,False,INDEPENDENT,None (Single Task),0,High,Yes,No restriction,OPTIMAL,PENDING_APPROVAL,Chief Controller,Google OR-Tools CP-SAT,"Priority P2 (70 pts), overdue 0d. Allocated to window 23:00-02:00 on 2026-09-08.",Independent corridor block.
BR006346_TASK90664,AST_HWH-_0664,BLK_HWH-KGP_1003_273,HWH-KGP,HWH-KGP,HWH-KGP,2026-10-03,2026-10-03 23:00,2026-10-03 03:00,Bridge Inspection Block,ENGINEERING,Mechanized Tamping Crew,P2,84,84,0,False,False,INDEPENDENT,BR006370_TASK54476 (ENGINEERING),0,High,No,Max 1 block per night,OPTIMAL,PENDING_APPROVAL,Chief Controller,Google OR-Tools CP-SAT,"Priority P2 (70 pts), overdue 0d. Allocated to window 23:00-03:00 on 2026-10-03.",Independent corridor block.
BR006370_TASK54476,AST_HWH-_4476,BLK_HWH-KGP_1003_273,HWH-KGP,HWH-KGP,HWH-KGP,2026-10-03,2026-10-03 23:00,2026-10-03 03:00,Non-Interlocking Block,ENGINEERING,Mechanized Tamping Crew,P1,115,115,0,True,False,INDEPENDENT,BR006346_TASK90664 (ENGINEERING),0,High,No,Max 1 block per night,OPTIMAL,PENDING_APPROVAL,Chief Controller,Google OR-Tools CP-SAT,"Priority P1 (85 pts), overdue 0d. Allocated to window 23:00-03:00 on 2026-10-03.",Independent corridor block.
BR006349_TASK93653,AST_ST-B_3653,BLK_ST-BCT_0913_687,ST-BCT,ST-BCT,ST-BCT,2026-09-13,2026-09-13 23:00,2026-09-13 03:00,Cable Block,SMT,Signal Testing Gang,P2,240,240,0,False,False,INDEPENDENT,None (Single Task),0,High,No,"No block during peak hours 06:00-10:00,17:00-21:00",OPTIMAL,PENDING_APPROVAL,Chief Controller,Google OR-Tools CP-SAT,"Priority P2 (70 pts), overdue 0d. Allocated to window 23:00-03:00 on 2026-09-13.",Independent corridor block.
BR006353_TASK70864,AST_JTJ-_0864,BLK_JTJ-SBC_0908_403,JTJ-SBC,JTJ-SBC,JTJ-SBC,2026-09-08,2026-09-08 23:00,2026-09-08 03:00,Interlocking Testing Block,SMT,Signal Testing Gang,P1,240,240,0,True,False,INDEPENDENT,None (Single Task),0,Medium,Yes,No restriction,OPTIMAL,PENDING_APPROVAL,Chief Controller,Google OR-Tools CP-SAT,"Priority P1 (85 pts), overdue 0d. Allocated to window 23:00-03:00 on 2026-09-08.",Independent corridor block.
BR006360_TASK35883,AST_NGP-_5883,BLK_NGP-BSP_1008_991,NGP-BSP,NGP-BSP,NGP-BSP,2026-10-08,2026-10-08 23:00,2026-10-08 03:00,Power Block,TRD,OHE Wiring Depot,P1,82,82,0,True,False,INDEPENDENT,None (Single Task),0,Medium,No,Max 1 block per night,OPTIMAL,PENDING_APPROVAL,Chief Controller,Google OR-Tools CP-SAT,"Priority P1 (85 pts), overdue 0d. Allocated to window 23:00-03:00 on 2026-10-08.",Independent corridor block.
BR006362_TASK24313,AST_GZB-_4313,BLK_GZB-CNB_0927_143,GZB-CNB,GZB-CNB,GZB-CNB,2026-09-27,2026-09-27 23:00,2026-09-27 03:00,OHE Maintenance Block,TRD,OHE Wiring Depot,P2,74,74,0,False,True,JOINT_POSSESSION,BR006409_TASK53217 (ENGINEERING),74,High,Yes,Max 1 block per night,OPTIMAL,PENDING_APPROVAL,Chief Controller,Google OR-Tools CP-SAT,"Priority P2 (70 pts), overdue 0d. Allocated to window 23:00-03:00 on 2026-09-27.",Bundled with BR006409_TASK53217 (ENGINEERING); saves 74 min line closure.
BR006409_TASK53217,AST_GZB-_3217,BLK_GZB-CNB_0927_143,GZB-CNB,GZB-CNB,GZB-CNB,2026-09-27,2026-09-27 23:00,2026-09-27 03:00,Bridge Inspection Block,ENGINEERING,Mechanized Tamping Crew,P2,108,108,0,False,True,JOINT_POSSESSION,BR006362_TASK24313 (TRD),74,High,Yes,Max 1 block per night,OPTIMAL,PENDING_APPROVAL,Chief Controller,Google OR-Tools CP-SAT,"Priority P2 (70 pts), overdue 0d. Allocated to window 23:00-03:00 on 2026-09-27.",Bundled with BR006362_TASK24313 (TRD); saves 74 min line closure.
BR006364_TASK81494,AST_ALD-_1494,BLK_ALD-MGS_0913_191,ALD-MGS,ALD-MGS,ALD-MGS,2026-09-13,2026-09-13 23:00,2026-09-13 03:00,Power Block,TRD,OHE Wiring Depot,P1,217,217,0,True,False,INDEPENDENT,None (Single Task),0,High,Yes,Max 1 block per night,OPTIMAL,PENDING_APPROVAL,Chief Controller,Google OR-Tools CP-SAT,"Priority P1 (85 pts), overdue 0d. Allocated to window 23:00-03:00 on 2026-09-13.",Independent corridor block.
BR006365_TASK52625,AST_MAS-_2625,BLK_MAS-JTJ_0930_394,MAS-JTJ,MAS-JTJ,MAS-JTJ,2026-09-30,2026-09-30 23:00,2026-09-30 03:00,OHE Maintenance Block,TRD,OHE Wiring Depot,P2,237,237,0,False,False,INDEPENDENT,None (Single Task),0,Medium,No,Max 1 block per night,OPTIMAL,PENDING_APPROVAL,Chief Controller,Google OR-Tools CP-SAT,"Priority P2 (70 pts), overdue 0d. Allocated to window 23:00-03:00 on 2026-09-30.",Independent corridor block.
BR006374_TASK47847,AST_ALD-_7847,BLK_ALD-MGS_0919_197,ALD-MGS,ALD-MGS,ALD-MGS,2026-09-19,2026-09-19 23:00,2026-09-19 03:00,OHE Maintenance Block,TRD,OHE Wiring Depot,P2,216,216,0,False,False,INDEPENDENT,None (Single Task),0,High,No,"No block during peak hours 06:00-10:00,17:00-21:00",OPTIMAL,PENDING_APPROVAL,Chief Controller,Google OR-Tools CP-SAT,"Priority P2 (70 pts), overdue 0d. Allocated to window 23:00-03:00 on 2026-09-19.",Independent corridor block.
BR006375_TASK49436,AST_PUNE_9436,BLK_PUNE-CSMT_0919_507,PUNE-CSMT,PUNE-CSMT,PUNE-CSMT,2026-09-19,2026-09-19 23:00,2026-09-19 04:00,Non-Interlocking Block,ENGINEERING,Mechanized Tamping Crew,P1,227,227,0,True,False,INDEPENDENT,BR006398_TASK87981 (ENGINEERING),0,Medium,Yes,Max 1 block per night,OPTIMAL,PENDING_APPROVAL,Chief Controller,Google OR-Tools CP-SAT,"Priority P1 (85 pts), overdue 0d. Allocated to window 23:00-04:00 on 2026-09-19.",Independent corridor block.
BR006398_TASK87981,AST_PUNE_7981,BLK_PUNE-CSMT_0919_507,PUNE-CSMT,PUNE-CSMT,PUNE-CSMT,2026-09-19,2026-09-19 23:00,2026-09-19 04:00,Traffic Block,ENGINEERING,Mechanized Tamping Crew,P2,73,73,0,False,False,INDEPENDENT,BR006375_TASK49436 (ENGINEERING),0,Medium,Yes,Max 1 block per night,OPTIMAL,PENDING_APPROVAL,Chief Controller,Google OR-Tools CP-SAT,"Priority P2 (70 pts), overdue 0d. Allocated to window 23:00-04:00 on 2026-09-19.",Independent corridor block.
BR006383_TASK76501,AST_NDLS_6501,BLK_NDLS-GZB_0912_4,NDLS-GZB,NDLS-GZB,NDLS-GZB,2026-09-12,2026-09-12 23:00,2026-09-12 03:00,OHE Maintenance Block,TRD,OHE Wiring Depot,P2,236,236,0,False,False,INDEPENDENT,None (Single Task),0,High,No,"No block during peak hours 06:00-10:00,17:00-21:00",OPTIMAL,PENDING_APPROVAL,Chief Controller,Google OR-Tools CP-SAT,"Priority P2 (70 pts), overdue 0d. Allocated to window 23:00-03:00 on 2026-09-12.",Independent corridor block.
BR006387_TASK88315,AST_NJP-_8315,BLK_NJP-GHY_0929_858,NJP-GHY,NJP-GHY,NJP-GHY,2026-09-29,2026-09-29 23:00,2026-09-29 04:00,Power Block,TRD,OHE Wiring Depot,P1,240,240,0,True,False,INDEPENDENT,None (Single Task),0,Low,No,No restriction,OPTIMAL,PENDING_APPROVAL,Chief Controller,Google OR-Tools CP-SAT,"Priority P1 (85 pts), overdue 0d. Allocated to window 23:00-04:00 on 2026-09-29.",Independent corridor block.
BR006392_TASK63034,AST_NDLS_3034,BLK_NDLS-JHS_0920_105,NDLS-JHS,NDLS-JHS,NDLS-JHS,2026-09-20,2026-09-20 23:00,2026-09-20 04:00,Bridge Inspection Block,ENGINEERING,Mechanized Tamping Crew,P2,240,240,0,False,False,INDEPENDENT,BR006399_TASK78208 (ENGINEERING),0,Medium,No,"No block during peak hours 06:00-10:00,17:00-21:00",OPTIMAL,PENDING_APPROVAL,Chief Controller,Google OR-Tools CP-SAT,"Priority P2 (70 pts), overdue 0d. Allocated to window 23:00-04:00 on 2026-09-20.",Independent corridor block.
BR006399_TASK78208,AST_NDLS_8208,BLK_NDLS-JHS_0920_105,NDLS-JHS,NDLS-JHS,NDLS-JHS,2026-09-20,2026-09-20 23:00,2026-09-20 04:00,Non-Interlocking Block,ENGINEERING,Mechanized Tamping Crew,P1,44,44,0,True,False,INDEPENDENT,BR006392_TASK63034 (ENGINEERING),0,Medium,No,"No block during peak hours 06:00-10:00,17:00-21:00",OPTIMAL,PENDING_APPROVAL,Chief Controller,Google OR-Tools CP-SAT,"Priority P1 (85 pts), overdue 0d. Allocated to window 23:00-04:00 on 2026-09-20.",Independent corridor block.
BR006393_TASK83884,AST_ALD-_3884,BLK_ALD-MGS_0912_190,ALD-MGS,ALD-MGS,ALD-MGS,2026-09-12,2026-09-12 23:00,2026-09-12 03:00,Signal Maintenance Block,SMT,Signal Testing Gang,P2,240,240,0,False,False,INDEPENDENT,None (Single Task),0,High,No,"No block during peak hours 06:00-10:00,17:00-21:00",OPTIMAL,PENDING_APPROVAL,Chief Controller,Google OR-Tools CP-SAT,"Priority P2 (70 pts), overdue 0d. Allocated to window 23:00-03:00 on 2026-09-12.",Independent corridor block.
BR006394_TASK29323,AST_DLI-_9323,BLK_DLI-JU_0908_713,DLI-JU,DLI-JU,DLI-JU,2026-09-08,2026-09-08 23:00,2026-09-08 04:00,Non-Interlocking Block,ENGINEERING,Mechanized Tamping Crew,P1,234,234,0,True,False,INDEPENDENT,None (Single Task),0,Low,No,No restriction,OPTIMAL,PENDING_APPROVAL,Chief Controller,Google OR-Tools CP-SAT,"Priority P1 (85 pts), overdue 0d. Allocated to window 23:00-04:00 on 2026-09-08.",Independent corridor block.
BR006402_TASK82603,AST_BZA-_2603,BLK_BZA-MAS_0919_352,BZA-MAS,BZA-MAS,BZA-MAS,2026-09-19,2026-09-19 23:00,2026-09-19 03:00,Power Block,TRD,OHE Wiring Depot,P1,240,240,0,True,False,INDEPENDENT,None (Single Task),0,High,Yes,No restriction,OPTIMAL,PENDING_APPROVAL,Chief Controller,Google OR-Tools CP-SAT,"Priority P1 (85 pts), overdue 0d. Allocated to window 23:00-03:00 on 2026-09-19.",Independent corridor block.
BR006405_TASK54324,AST_GZB-_4324,BLK_GZB-CNB_0920_136,GZB-CNB,GZB-CNB,GZB-CNB,2026-09-20,2026-09-20 23:00,2026-09-20 03:00,Cable Block,SMT,Signal Testing Gang,P2,240,240,0,False,False,INDEPENDENT,None (Single Task),0,High,Yes,Block suspended - VIP movement,OPTIMAL,PENDING_APPROVAL,Chief Controller,Google OR-Tools CP-SAT,"Priority P2 (70 pts), overdue 0d. Allocated to window 23:00-03:00 on 2026-09-20.",Independent corridor block.
BR006406_TASK30799,AST_NJP-_0799,BLK_NJP-GHY_1008_867,NJP-GHY,NJP-GHY,NJP-GHY,2026-10-08,2026-10-08 23:00,2026-10-08 04:00,Power Block,TRD,OHE Wiring Depot,P1,202,202,0,True,False,INDEPENDENT,None (Single Task),0,Low,No,Single line working only,OPTIMAL,PENDING_APPROVAL,Chief Controller,Google OR-Tools CP-SAT,"Priority P1 (85 pts), overdue 0d. Allocated to window 23:00-04:00 on 2026-10-08.",Independent corridor block.
BR006407_TASK77142,AST_CNB-_7142,BLK_CNB-ALD_0927_174,CNB-ALD,CNB-ALD,CNB-ALD,2026-09-27,2026-09-27 23:00,2026-09-27 03:00,Bridge Inspection Block,ENGINEERING,Mechanized Tamping Crew,P2,240,240,0,False,False,INDEPENDENT,None (Single Task),0,High,Yes,"No block during peak hours 06:00-10:00,17:00-21:00",OPTIMAL,PENDING_APPROVAL,Chief Controller,Google OR-Tools CP-SAT,"Priority P2 (70 pts), overdue 0d. Allocated to window 23:00-03:00 on 2026-09-27.",Independent corridor block.
BR006408_TASK17923,AST_UBL-_7923,BLK_UBL-PUNE_0920_477,UBL-PUNE,UBL-PUNE,UBL-PUNE,2026-09-20,2026-09-20 23:00,2026-09-20 04:00,OHE Maintenance Block,TRD,OHE Wiring Depot,P2,240,240,0,False,False,INDEPENDENT,None (Single Task),0,Medium,No,No restriction,OPTIMAL,PENDING_APPROVAL,Chief Controller,Google OR-Tools CP-SAT,"Priority P2 (70 pts), overdue 0d. Allocated to window 23:00-04:00 on 2026-09-20.",Independent corridor block.
BR006410_TASK66197,AST_BZA-_6197,BLK_BZA-MAS_0926_359,BZA-MAS,BZA-MAS,BZA-MAS,2026-09-26,2026-09-26 23:00,2026-09-26 03:00,Signal Maintenance Block,SMT,Signal Testing Gang,P2,215,215,0,False,False,INDEPENDENT,None (Single Task),0,High,No,Max 1 block per night,OPTIMAL,PENDING_APPROVAL,Chief Controller,Google OR-Tools CP-SAT,"Priority P2 (70 pts), overdue 0d. Allocated to window 23:00-03:00 on 2026-09-26.",Independent corridor block.
BR006411_TASK60203,AST_NDLS_0203,BLK_NDLS-GZB_0926_18,NDLS-GZB,NDLS-GZB,NDLS-GZB,2026-09-26,2026-09-26 23:00,2026-09-26 03:00,Bridge Inspection Block,ENGINEERING,Mechanized Tamping Crew,P2,199,199,0,False,False,INDEPENDENT,None (Single Task),0,High,No,Reduced window due to festival traffic,OPTIMAL,PENDING_APPROVAL,Chief Controller,Google OR-Tools CP-SAT,"Priority P2 (70 pts), overdue 0d. Allocated to window 23:00-03:00 on 2026-09-26.",Independent corridor block.
BR006414_TASK24015,AST_BZA-_4015,BLK_BZA-MAS_1003_366,BZA-MAS,BZA-MAS,BZA-MAS,2026-10-03,2026-10-03 23:00,2026-10-03 03:00,Signal Maintenance Block,SMT,Signal Testing Gang,P2,240,240,0,False,False,INDEPENDENT,None (Single Task),0,High,Yes,"No block during peak hours 06:00-10:00,17:00-21:00",OPTIMAL,PENDING_APPROVAL,Chief Controller,Google OR-Tools CP-SAT,"Priority P2 (70 pts), overdue 0d. Allocated to window 23:00-03:00 on 2026-10-03.",Independent corridor block.
BR006415_TASK63591,AST_GZB-_3591,BLK_GZB-CNB_0908_124,GZB-CNB,GZB-CNB,GZB-CNB,2026-09-08,2026-09-08 23:00,2026-09-08 02:00,Traction Feed Block,TRD,OHE Wiring Depot,P2,171,171,0,False,False,INDEPENDENT,None (Single Task),0,High,Yes,"No block during peak hours 06:00-10:00,17:00-21:00",OPTIMAL,PENDING_APPROVAL,Chief Controller,Google OR-Tools CP-SAT,"Priority P2 (70 pts), overdue 0d. Allocated to window 23:00-02:00 on 2026-09-08.",Independent corridor block.
BR006416_TASK98232,AST_CSMT_8232,BLK_CSMT-BSR_1003_552,CSMT-BSR,CSMT-BSR,CSMT-BSR,2026-10-03,2026-10-03 23:00,2026-10-03 03:00,Traction Feed Block,TRD,OHE Wiring Depot,P2,240,240,0,False,False,INDEPENDENT,None (Single Task),0,High,No,Block suspended - VIP movement,OPTIMAL,PENDING_APPROVAL,Chief Controller,Google OR-Tools CP-SAT,"Priority P2 (70 pts), overdue 0d. Allocated to window 23:00-03:00 on 2026-10-03.",Independent corridor block.
BR006424_TASK82151,AST_ALD-_2151,BLK_ALD-MGS_0909_187,ALD-MGS,ALD-MGS,ALD-MGS,2026-09-09,2026-09-09 23:00,2026-09-09 02:00,Power Block,TRD,OHE Wiring Depot,P1,105,105,0,True,False,INDEPENDENT,None (Single Task),0,High,No,"No block during peak hours 06:00-10:00,17:00-21:00",OPTIMAL,PENDING_APPROVAL,Chief Controller,Google OR-Tools CP-SAT,"Priority P1 (85 pts), overdue 0d. Allocated to window 23:00-02:00 on 2026-09-09.",Independent corridor block.
